old_province_name_in_boundary_file,new_province_2025,resolution_article_1_item,change,source
An Giang,An Giang,23,merged (Art.1 item 23),"Resolution 202/2025/QH15, Article 1, adopted 12 Jun 2025"
Ba Ria-Vung Tau,Ho Chi Minh City,16,merged (Art.1 item 16),"Resolution 202/2025/QH15, Article 1, adopted 12 Jun 2025"
Bac Ninh,Bac Ninh,5,merged (Art.1 item 5),"Resolution 202/2025/QH15, Article 1, adopted 12 Jun 2025"
Ben Tre,Vinh Long,20,merged (Art.1 item 20),"Resolution 202/2025/QH15, Article 1, adopted 12 Jun 2025"
Binh Dinh,Gia Lai,12,merged (Art.1 item 12),"Resolution 202/2025/QH15, Article 1, adopted 12 Jun 2025"
Binh Duong,Ho Chi Minh City,16,merged (Art.1 item 16),"Resolution 202/2025/QH15, Article 1, adopted 12 Jun 2025"
Binh Phuoc,Dong Nai,17,merged (Art.1 item 17),"Resolution 202/2025/QH15, Article 1, adopted 12 Jun 2025"
Binh Thuan,Lam Dong,14,merged (Art.1 item 14),"Resolution 202/2025/QH15, Article 1, adopted 12 Jun 2025"
Dak Lak,Dak Lak,15,merged (Art.1 item 15),"Resolution 202/2025/QH15, Article 1, adopted 12 Jun 2025"
Dong Nai,Dong Nai,17,merged (Art.1 item 17),"Resolution 202/2025/QH15, Article 1, adopted 12 Jun 2025"
Dong Thap,Dong Thap,21,merged (Art.1 item 21),"Resolution 202/2025/QH15, Article 1, adopted 12 Jun 2025"
Gia Lai,Gia Lai,12,merged (Art.1 item 12),"Resolution 202/2025/QH15, Article 1, adopted 12 Jun 2025"
Ha Nam,Ninh Binh,8,merged (Art.1 item 8),"Resolution 202/2025/QH15, Article 1, adopted 12 Jun 2025"
Ha Tinh,Ha Tinh,24,unchanged (Art.1 item 24 list),"Resolution 202/2025/QH15, Article 1, adopted 12 Jun 2025"
Hai Duong,Hai Phong,7,merged (Art.1 item 7),"Resolution 202/2025/QH15, Article 1, adopted 12 Jun 2025"
Haiphong,Hai Phong,7,merged (Art.1 item 7),"Resolution 202/2025/QH15, Article 1, adopted 12 Jun 2025"
Hanoi,Hanoi,24,unchanged (Art.1 item 24 list),"Resolution 202/2025/QH15, Article 1, adopted 12 Jun 2025"
Hau Giang,Can Tho,19,merged (Art.1 item 19),"Resolution 202/2025/QH15, Article 1, adopted 12 Jun 2025"
Ho Chi Minh,Ho Chi Minh City,16,merged (Art.1 item 16),"Resolution 202/2025/QH15, Article 1, adopted 12 Jun 2025"
Hoa Binh,Phu Tho,4,merged (Art.1 item 4),"Resolution 202/2025/QH15, Article 1, adopted 12 Jun 2025"
Hung Yen,Hung Yen,6,merged (Art.1 item 6),"Resolution 202/2025/QH15, Article 1, adopted 12 Jun 2025"
Kien Giang,An Giang,23,merged (Art.1 item 23),"Resolution 202/2025/QH15, Article 1, adopted 12 Jun 2025"
Long An,Tay Ninh,18,merged (Art.1 item 18),"Resolution 202/2025/QH15, Article 1, adopted 12 Jun 2025"
Nam Dinh,Ninh Binh,8,merged (Art.1 item 8),"Resolution 202/2025/QH15, Article 1, adopted 12 Jun 2025"
Nghe An,Nghe An,24,unchanged (Art.1 item 24 list),"Resolution 202/2025/QH15, Article 1, adopted 12 Jun 2025"
Ninh Binh,Ninh Binh,8,merged (Art.1 item 8),"Resolution 202/2025/QH15, Article 1, adopted 12 Jun 2025"
Phu Tho,Phu Tho,4,merged (Art.1 item 4),"Resolution 202/2025/QH15, Article 1, adopted 12 Jun 2025"
Quang Nam,Da Nang,10,merged (Art.1 item 10),"Resolution 202/2025/QH15, Article 1, adopted 12 Jun 2025"
Quang Ninh,Quang Ninh,24,unchanged (Art.1 item 24 list),"Resolution 202/2025/QH15, Article 1, adopted 12 Jun 2025"
Soc Trang,Can Tho,19,merged (Art.1 item 19),"Resolution 202/2025/QH15, Article 1, adopted 12 Jun 2025"
Tay Ninh,Tay Ninh,18,merged (Art.1 item 18),"Resolution 202/2025/QH15, Article 1, adopted 12 Jun 2025"
Thai Binh,Hung Yen,6,merged (Art.1 item 6),"Resolution 202/2025/QH15, Article 1, adopted 12 Jun 2025"
Thai Nguyen,Thai Nguyen,3,merged (Art.1 item 3),"Resolution 202/2025/QH15, Article 1, adopted 12 Jun 2025"
Thanh Hoa,Thanh Hoa,24,unchanged (Art.1 item 24 list),"Resolution 202/2025/QH15, Article 1, adopted 12 Jun 2025"
Thua Thien Hue,Hue,24,unchanged (Art.1 item 24 list),"Resolution 202/2025/QH15, Article 1, adopted 12 Jun 2025"
Tien Giang,Dong Thap,21,merged (Art.1 item 21),"Resolution 202/2025/QH15, Article 1, adopted 12 Jun 2025"
Tra Vinh,Vinh Long,20,merged (Art.1 item 20),"Resolution 202/2025/QH15, Article 1, adopted 12 Jun 2025"
Vinh Long,Vinh Long,20,merged (Art.1 item 20),"Resolution 202/2025/QH15, Article 1, adopted 12 Jun 2025"
Vinh Phuc,Phu Tho,4,merged (Art.1 item 4),"Resolution 202/2025/QH15, Article 1, adopted 12 Jun 2025"
