os_id,contribution_date,name,address,country_code,country_name,lat,lng,sector,contributor (list),number_of_workers,parent_company,processing_type_facility_type_raw,facility_type,processing_type,product_type,is_closed,accord_inspections_and_remediation_program.rsc_presence,accord_inspections_and_remediation_program.first_inspection_date,amader_kotha_grievance_mechanism.status,amader_kotha_grievance_mechanism.start_date,amader_kotha_grievance_mechanism.end_date,amader_kotha_grievance_mechanism.thematic_coverage,amader_kotha_grievance_mechanism.mechanism_type_ownership,amader_kotha_grievance_mechanism.access_modality,amader_kotha_grievance_mechanism.coverage,amfori_compliance_status.bsci_audit.expiration_date,amfori_compliance_status.bsci_audit.submission_date,amfori_compliance_status.bepi_audit.expiration_date,amfori_compliance_status.bepi_audit.submission_date,amfori_compliance_status.environmental_risk_assessment.completion_date,amfori_compliance_status.environmental_risk_assessment.expiration_date,cba_data_tata_institute.unions,cba_data_tata_institute.employer_party,cba_data_tata_institute.agreement_start_date,cba_data_tata_institute.agreement_start_year,cba_data_tata_institute.agreement_start_date_other,cba_data_tata_institute.agreement_end_date,cba_data_tata_institute.agreement_end_year,cba_data_tata_institute.agreement_end_date_other,cba_data_tata_institute.link_to_public_source,climate_trace_emissions.estimated_emissions,climate_trace_emissions.estimated_annual_throughput,climate_trace_emissions.emissions_model,estimated_emissions,ethical_supply_chain_program_certification.type,ethical_supply_chain_program_certification.status,ethical_supply_chain_program_certification.issue_date,ethical_supply_chain_program_certification.expiration_date,ethical_supply_chain_program_gm.status,ethical_supply_chain_program_gm.start_date,ethical_supply_chain_program_gm.end_date,ethical_supply_chain_program_gm.thematic_coverage,ethical_supply_chain_program_gm.mechanism_type_ownership,ethical_supply_chain_program_gm.access_modality,ethical_supply_chain_program_gm.coverage,heatwatch.minimum_temperature_c,heatwatch.maximum_temperature_c,heatwatch.minimum_humidity,heatwatch.maximum_humidity,heatwatch.average_humidity,heatwatch.measurement_date,heatwatch.facility_profile,labor_solutions_grievance_mechanism.wovo_active,labor_solutions_grievance_mechanism.wovo_active_date,labor_solutions_grievance_mechanism.thematic_coverage,labor_solutions_grievance_mechanism.mechanism_type_ownership,labor_solutions_grievance_mechanism.access_modality,labor_solutions_grievance_mechanism.coverage,mudem_grievance_mechanism.status,mudem_grievance_mechanism.start_date,mudem_grievance_mechanism.end_date,mudem_grievance_mechanism.thematic_coverage,mudem_grievance_mechanism.mechanism_type_ownership,mudem_grievance_mechanism.access_modality,mudem_grievance_mechanism.coverage,planet_tracker_pfas.pfas_link,planet_tracker_pfas.planet_tracker_id,responsible_sourcing_network_yess.yess_number,responsible_sourcing_network_yess.status,rise_wpp.digital.status,rise_wpp.digital.year,rise_wpp.financial_health.status,rise_wpp.financial_health.year,rise_wpp.foundations.status,rise_wpp.foundations.year,rise_wpp.heressentials.status,rise_wpp.heressentials.year,rise_wpp.herfinance.status,rise_wpp.herfinance.year,rise_wpp.herhealth.status,rise_wpp.herhealth.year,rise_wpp.hermanagement.status,rise_wpp.hermanagement.year,rise_wpp.herrespect.status,rise_wpp.herrespect.year,rise_wpp.respect.status,rise_wpp.respect.year,rsc_grievance_mechanism.status,rsc_grievance_mechanism.thematic_coverage,rsc_grievance_mechanism.mechanism_type_ownership,rsc_grievance_mechanism.access_modality,rsc_grievance_mechanism.coverage,slcp_assessment.most_recent_assessment_status,slcp_assessment.most_recent_assessment_date,slcp_assessment.assessment_platform,slcp_assessment.verifier_body,slcp_assessment.slcp_facility_id,trase_sei_capacity_animal.processing_capacity,trase_sei_capacity_animal.inspection_level,trase_sei_capacity_animal.trase_id,trase_sei_capacity_palm_oil.processing_capacity_tonnes_fbb_hour,trase_sei_capacity_palm_oil.operations_start_year,trase_sei_capacity_palm_oil.trase_id,trase_sei_capacity_soy.storage_capacity_tonnes,trase_sei_capacity_soy.source_metadata,trase_sei_capacity_soy.operations_start_date,trase_sei_capacity_soy.trase_id,trase_sei_capacity_wood_pulp.processing_capacity_mt_per_year,trase_sei_capacity_wood_pulp.operations_start_year,trase_sei_capacity_wood_pulp.trase_id,ulula_grievance_mechanism.status,ulula_grievance_mechanism.start_date,ulula_grievance_mechanism.end_date,ulula_grievance_mechanism.thematic_coverage,ulula_grievance_mechanism.mechanism_type_ownership,ulula_grievance_mechanism.access_modality,ulula_grievance_mechanism.coverage,wikirate_cba.cba_reported,wikirate_cba.public_source,wikirate_cba.reporting_year,wikirate_cba.wikirate_id,wikirate_cba.wikirate_facility_profile,wikirate_digital_payment.digital_wage_payment_reported,wikirate_digital_payment.public_source,wikirate_digital_payment.reporting_year,wikirate_digital_payment.wikirate_id,wikirate_digital_payment.wikirate_facility_profile,worldly_assessment_data.fem_assessment.last_date,worldly_assessment_data.fem_assessment.reporting_year,worldly_assessment_data.fem_assessment.verification_status,wrap_certification.certification_status,wrap_certification.issue_date,wrap_certification.expiration_date,mit_living_wage.county_link,mit_living_wage.county_link_text,data_center_information
BR2022289Y0WHD5,2022-10-16,SMART Modular Technologies Inc.,"Av. Tegula, 888 Edificio Cristal - CEA Ponte Alta, Atibaia, Sao Paulo, Brazil",BR,Brazil,-23.0451949,-46.6772491,Electronics,A Brand / Retailer|Samsung [Public List] (Samsung 2021 Facility List)|Dell [Public List] (Dell 2021 Facility List),,Smart Modular|SMART Modular Technologies Inc.,Other direct material suppliers,,Other direct material suppliers,Parts/Components,False,,,,,,,,,,,,,,,,,,,,,,,,,,,,,,,,,,,,,,,,,,,,,,,,,,,,,,,,,,,,,,,,,,,,,,,,,,,,,,,,,,,,,,,,,,,,,,,,,,,,,,,,,,,,,,,,,,,,,,,,,,,,,,,,,,
CH2022289EQW3BK,2022-10-16,Lam Research Corp.,"Avenue Edouard-Dubois 20 Neuchatel, Switzerland",CH,Switzerland,46.988767,6.9064899,Electronics,A Brand / Retailer|Samsung [Public List] (Samsung 2021 Facility List),,Lam Research Corp.,,,,,False,,,,,,,,,,,,,,,,,,,,,,,,,,,,,,,,,,,,,,,,,,,,,,,,,,,,,,,,,,,,,,,,,,,,,,,,,,,,,,,,,,,,,,,,,,,,,,,,,,,,,,,,,,,,,,,,,,,,,,,,,,,,,,,,,,
CN20222890MRKW5,2022-10-16,Advantest Corp.,"1215, Luneng Plaza, No.18 Taigu Road Waigaoqiao Free Trade Zone, Shanghai, China",CN,China,31.33445,121.60201,Electronics,A Brand / Retailer|Samsung [Public List] (Samsung 2021 Facility List),,Advantest Corp.,,,,,False,,,,,,,,,,,,,,,,,,,,,,,,,,,,,,,,,,,,,,,,,,,,,,,,,,,,,,,,,,,,,,,,,,,,,,,,,,,,,,,,,,,,,,,,,,,,,,,,,,,,,,,,,,,,,,,,,,,,,,,,,,,,,,,,,,
CN20222890YGFFP,2022-10-16,Tripod,"7 Mianzhou Middle Road, Xiantao Industry Park, Hubei, People's Republic of China",CN,China,30.32518,113.41024,Electronics,Dell [Public List] (Dell 2021 Facility List)|A Brand / Retailer|Samsung [Public List] (Samsung 2021 Facility List),,Tripod|Tripod Technology Corp.,Other direct material suppliers,,Other direct material suppliers,Parts/Components,False,,,,,,,,,,,,,,,,,,,,,,,,,,,,,,,,,,,,,,,,,,,,,,,,,,,,,,,,,,,,,,,,,,,,,,,,,,,,,,,,,,,,,,,,,,,,,,,,,,,,,,,,,,,,,,,,,,,,,,,,,,,,,,,,,,
CN20222893KEC71,2022-10-16,Hitachi Ltd.,"1601A Room ,16F, Blk.1, No.18, Taigu Road, Waigaoqiao Free Trade Zone, Shanghai, China",CN,China,31.33445,121.60201,Electronics,A Brand / Retailer|Samsung [Public List] (Samsung 2021 Facility List),,Hitachi Ltd.,,,,,False,,,,,,,,,,,,,,,,,,,,,,,,,,,,,,,,,,,,,,,,,,,,,,,,,,,,,,,,,,,,,,,,,,,,,,,,,,,,,,,,,,,,,,,,,,,,,,,,,,,,,,,,,,,,,,,,,,,,,,,,,,,,,,,,,,
CN20222893MP944,2022-10-16,GoerTek Inc.,"No.268, Dongfang Road Hi-Tech Industry Development District, Weifang, Shandong, China",CN,China,36.68062,119.16629,Consumer Electronics|Electronics,"Amazon.com, Inc. (Amazon Facility List 2022)|A Brand / Retailer|Samsung [Public List] (Samsung 2021 Facility List)|Apple [Public List] (Apple 2019 Facility List)",,GoerTek Inc.,,,,,False,,,,,,,,,,,,,,,,,,,,,,,,,,,,,,,,,,,,,,,,,,,,,,,,,,,,,,,,,,,,,,,,,,,,,,,,,,,,,,,,,,,,,,,,,,,,,,,,,,,,,,,,,,,,,,,,,,,,,,,,,,,,,,,,,,
CN20222894KNHZ6,2022-10-16,"WiSol Co., Ltd.","D1-1, D1-3 International Industrial City Xeda, Tianjin, China",CN,China,39.0850999,117.19937,Electronics,A Brand / Retailer|Fairphone [Public List] (Fairphone May 2022 Facility List)|A Brand / Retailer|Samsung [Public List] (Samsung 2021 Facility List),,"WiSol Co., Ltd.",,,,Passives,False,,,,,,,,,,,,,,,,,,,,,,,,,,,,,,,,,,,,,,,,,,,,,,,,,,,,,,,,,,,,,,,,,,,,,,,,,,,,,,,,,,,,,,,,,,,,,,,,,,,,,,,,,,,,,,,,,,,,,,,,,,,,,,,,,,
CN20222895CPZ7Q,2022-10-16,"Jiangsu Simand Electric Co., Ltd.","No.111, Kangyuan Road, Xiangcheng District Suzhou, China",CN,China,31.39618,120.64067,Electronics,A Brand / Retailer|Samsung [Public List] (Samsung 2021 Facility List),,"Jiangsu Simand Electric Co., Ltd.",,,,,False,,,,,,,,,,,,,,,,,,,,,,,,,,,,,,,,,,,,,,,,,,,,,,,,,,,,,,,,,,,,,,,,,,,,,,,,,,,,,,,,,,,,,,,,,,,,,,,,,,,,,,,,,,,,,,,,,,,,,,,,,,,,,,,,,,
CN20222895EW1KD,2022-10-16,"Soulbrain Co.,Ltd.","Gateway 1209, 1jinye Road, Xi'an, China",CN,China,34.19397,108.86218,Electronics,A Brand / Retailer|Samsung [Public List] (Samsung 2021 Facility List),,"Soulbrain Co.,Ltd.",,,,,False,,,,,,,,,,,,,,,,,,,,,,,,,,,,,,,,,,,,,,,,,,,,,,,,,,,,,,,,,,,,,,,,,,,,,,,,,,,,,,,,,,,,,,,,,,,,,,,,,,,,,,,,,,,,,,,,,,,,,,,,,,,,,,,,,,
CN2022289780PK2,2022-10-16,Taiyo Nippon Sanso Corp.,"#1189 Bao-8 Road ,Zong He Bao Shui Xi'an Shaanxi, China",CN,China,34.256407,108.950062,Electronics,A Brand / Retailer|Samsung [Public List] (Samsung 2021 Facility List),,Taiyo Nippon Sanso Corp.,,,,,False,,,,,,,,,,,,,,,,,,,,,,,,,,,,,,,,,,,,,,,,,,,,,,,,,,,,,,,,,,,,,,,,,,,,,,,,,,,,,,,,,,,,,,,,,,,,,,,,,,,,,,,,,,,,,,,,,,,,,,,,,,,,,,,,,,
CN2022289BBPJY6,2022-10-16,Taiyo Nippon Sanso Corp.,"3F, No.2 Bldg. Baowu Tower 1859 Expo Boulevard Shanghai Pudong, China",CN,China,31.1833296,121.4867668,Electronics,A Brand / Retailer|Samsung [Public List] (Samsung 2021 Facility List),,Taiyo Nippon Sanso Corp.,,,,,False,,,,,,,,,,,,,,,,,,,,,,,,,,,,,,,,,,,,,,,,,,,,,,,,,,,,,,,,,,,,,,,,,,,,,,,,,,,,,,,,,,,,,,,,,,,,,,,,,,,,,,,,,,,,,,,,,,,,,,,,,,,,,,,,,,
CN2022289EVM8R7,2022-10-16,AAC Technologies Holdings Inc.,"Yuhang Road, Shuyang Economic Develop Suqian City, Jiangsu Province, China",CN,China,34.11369,118.85086,Electronics,A Brand / Retailer|Samsung [Public List] (Samsung 2021 Facility List),,AAC Technologies Holdings Inc.,,,,,False,,,,,,,,,,,,,,,,,,,,,,,,,,,,,,,,,,,,,,,,,,,,,,,,,,,,,,,,,,,,,,,,,,,,,,,,,,,,,,,,,,,,,,,,,,,,,,,,,,,,,,,,,,,,,,,,,,,,,,,,,,,,,,,,,,
CN2022289EXTV7H,2022-10-16,"Dongwoo Fine-Chem Co., Ltd.","No.853, Baosan Road, Hi-Tech Comprehensive Bonded Zone, Xi'an, China",CN,China,34.395799,109.074973,Electronics,A Brand / Retailer|Samsung [Public List] (Samsung 2021 Facility List),,"Dongwoo Fine-Chem Co., Ltd.",,,,,False,,,,,,,,,,,,,,,,,,,,,,,,,,,,,,,,,,,,,,,,,,,,,,,,,,,,,,,,,,,,,,,,,,,,,,,,,,,,,,,,,,,,,,,,,,,,,,,,,,,,,,,,,,,,,,,,,,,,,,,,,,,,,,,,,,
CN2022289F4GNGJ,2022-10-16,"Posco Co., Ltd","158# Shenxu Road Suzhou Industrial Park, China",CN,China,31.319614,120.770586,Electronics,A Brand / Retailer|Samsung [Public List] (Samsung 2021 Facility List),,"Posco Co., Ltd",,,,,False,,,,,,,,,,,,,,,,,,,,,,,,,,,,,,,,,,,,,,,,,,,,,,,,,,,,,,,,,,,,,,,,,,,,,,,,,,,,,,,,,,,,,,,,,,,,,,,,,,,,,,,,,,,,,,,,,,,,,,,,,,,,,,,,,,
CN2022289HAMPZE,2022-10-16,"Miraenanotech Co., Ltd.","A6-1, Saida International Industrial Complex, Xiqing, Tianjin, China",CN,China,39.1411099,117.00739,Electronics,A Brand / Retailer|Samsung [Public List] (Samsung 2021 Facility List),,"Miraenanotech Co., Ltd.",,,,,False,,,,,,,,,,,,,,,,,,,,,,,,,,,,,,,,,,,,,,,,,,,,,,,,,,,,,,,,,,,,,,,,,,,,,,,,,,,,,,,,,,,,,,,,,,,,,,,,,,,,,,,,,,,,,,,,,,,,,,,,,,,,,,,,,,
CN2022289JHT8YD,2022-10-16,Tokyo Electron Ltd.,"1F, No.126 Hedan Road, Pudong, Shanghai, China",CN,China,31.33147,121.60328,Electronics,A Brand / Retailer|Samsung [Public List] (Samsung 2021 Facility List),,Tokyo Electron Ltd.,,,,,False,,,,,,,,,,,,,,,,,,,,,,,,,,,,,,,,,,,,,,,,,,,,,,,,,,,,,,,,,,,,,,,,,,,,,,,,,,,,,,,,,,,,,,,,,,,,,,,,,,,,,,,,,,,,,,,,,,,,,,,,,,,,,,,,,,
CN2022289K6EXCT,2022-10-16,"Samsung Electro-Mechanics Co., Ltd.","No.80, Xiaqing Road, The West Zone Of Teda, Tianjin, China",CN,China,39.0858,117.51717,Electronics,A Brand / Retailer|Fairphone [Public List] (Fairphone May 2022 Facility List)|A Brand / Retailer|Samsung [Public List] (Samsung 2021 Facility List)|Dell [Public List] (Dell 2021 Facility List),,"Samsung Electro-Mechanics Co., Ltd.|Samsung",Other direct material suppliers,,Other direct material suppliers,Passives|Parts/Components,False,,,,,,,,,,,,,,,,,,,,,,,,,,,,,,,,,,,,,,,,,,,,,,,,,,,,,,,,,,,,,,,,,,,,,,,,,,,,,,,,,,,,,,,,,,,,,,,,,,,,,,,,,,,,,,,,,,,,,,,,,,,,,,,,,,
CN2022289R0D0T9,2022-10-16,"BYD Co., Ltd.","No.2, Yadi Road, The New-Type Industrial Park, Xi'an Hi-Tech Zone, China",CN,China,34.17737,108.84663,Electronics,A Brand / Retailer|Samsung [Public List] (Samsung 2021 Facility List),,"BYD Co., Ltd.",,,,,False,,,,,,,,,,,,,,,,,,,,,,,,,,,,,,,,,,,,,,,,,,,,,,,,,,,,,,,,,,,,,,,,,,,,,,,,,,,,,,,,,,,,,,,,,,,,,,,,,,,,,,,,,,,,,,,,,,,,,,,,,,,,,,,,,,
CN2022289RHF2MR,2022-10-16,"Samsung Electro-Mechanics Co., Ltd.","14F Tower A, Scc, Nanshan District, Shenzhen, Guangdong, China",CN,China,22.5333199,113.93041,Electronics,A Brand / Retailer|Samsung [Public List] (Samsung 2021 Facility List),,"Samsung Electro-Mechanics Co., Ltd.",,,,,False,,,,,,,,,,,,,,,,,,,,,,,,,,,,,,,,,,,,,,,,,,,,,,,,,,,,,,,,,,,,,,,,,,,,,,,,,,,,,,,,,,,,,,,,,,,,,,,,,,,,,,,,,,,,,,,,,,,,,,,,,,,,,,,,,,
CN2022289SB2XN2,2022-10-16,"BOE Technology Group Co., Ltd.","No.118, Jinghaiyi RD, BDA, Beijing, China",CN,China,39.79638,116.5348,Electronics,A Brand / Retailer|Samsung [Public List] (Samsung 2021 Facility List)|Dell [Public List] (Dell 2021 Facility List),,"BOE Technology Group Co., Ltd.|BOE",Other direct material suppliers,,Other direct material suppliers,Displays/LCD,False,,,,,,,,,,,,,,,,,,,,,,,,,,,,,,,,,,,,,,,,,,,,,,,,,,,,,,,,,,,,,,,,,,,,,,,,,,,,,,,,,,,,,,,,,,,,,,,,,,,,,,,,,,,,,,,,,,,,,,,,,,,,,,,,,,
CN2022289SF59MM,2022-10-16,"Taiyo Yuden Co., Ltd.","B2B 2F, Building3, No.258 Xin Ling Road, Pilot Free Trade Zone, Shanghai, China",CN,China,31.11192,121.37162,Electronics,A Brand / Retailer|Samsung [Public List] (Samsung 2021 Facility List),,"Taiyo Yuden Co., Ltd.",,,,,False,,,,,,,,,,,,,,,,,,,,,,,,,,,,,,,,,,,,,,,,,,,,,,,,,,,,,,,,,,,,,,,,,,,,,,,,,,,,,,,,,,,,,,,,,,,,,,,,,,,,,,,,,,,,,,,,,,,,,,,,,,,,,,,,,,
CN2022289TEBFV7,2022-10-16,"Samsung Electro-Mechanics Co., Ltd.","788 Nanhe Road, Kunshan E&T Development Jiangsu Province, China",CN,China,31.36537,120.99693,Electronics,A Brand / Retailer|Samsung [Public List] (Samsung 2021 Facility List),,"Samsung Electro-Mechanics Co., Ltd.",,,,,False,,,,,,,,,,,,,,,,,,,,,,,,,,,,,,,,,,,,,,,,,,,,,,,,,,,,,,,,,,,,,,,,,,,,,,,,,,,,,,,,,,,,,,,,,,,,,,,,,,,,,,,,,,,,,,,,,,,,,,,,,,,,,,,,,,
CN2022289YEY11P,2022-10-16,"Ibiden Co., Ltd.","15#, Rongchang East Street, Bda, Beijing, China",CN,China,39.7853,116.52979,Electronics,A Brand / Retailer|Samsung [Public List] (Samsung 2021 Facility List),,"Ibiden Co., Ltd.",,,,,False,,,,,,,,,,,,,,,,,,,,,,,,,,,,,,,,,,,,,,,,,,,,,,,,,,,,,,,,,,,,,,,,,,,,,,,,,,,,,,,,,,,,,,,,,,,,,,,,,,,,,,,,,,,,,,,,,,,,,,,,,,,,,,,,,,
CN2022297SJ3SZF,2022-10-24,BYD Precision Manufacture Company Limited.,"Component Products Department of Division 3, No.1 Baoping Road, Baolong Industrial Park, Longgang,, Shenzhen, Guangdong, 518116",CN,China,22.683678,114.277761,Electronics,"A Brand / Retailer|Samsung [Public List] (Samsung 2021 Facility List)|Amazon.com, Inc. (Amazon Facility List 2022)|Lenovo [Public List] (Lenovo August 2020 Facility List)|Amazon.com, Inc. (Amazon Facility List 2023)",0-100,"BYD Co., Ltd.|BYD",,,,Mechanical,False,,,,,,,,,,,,,,,,,,,,,,,,,,,,,,,,,,,,,,,,,,,,,,,,,,,,,,,,,,,,,,,,,,,,,,,,,,,,,,,,,,,,,,,,,,,,,,,,,,,,,,,,,,,,,,,,,,,,,,,,,,,,,,,,,,
CN2022297TFNT78,2022-10-24,BYD Electronic (International) Company Limited,"Xiangshui River, Economic Development Zone, Daya Bay, Huizhou, Guangdong",CN,China,23.284879,114.232329,Electronics,Samsung [Public List] (Samsung 2021 Facility List)|Apple [Public List] (Apple 2019 Facility List)|Lenovo [Public List] (Lenovo August 2020 Facility List)|A Brand / Retailer,,"BYD|BYD Co., Ltd.",,,,Mechanical,False,,,,,,,,,,,,,,,,,,,,,,,,,,,,,,,,,,,,,,,,,,,,,,,,,,,,,,,,,,,,,,,,,,,,,,,,,,,,,,,,,,,,,,,,,,,,,,,,,,,,,,,,,,,,,,,,,,,,,,,,,,,,,,,,,,
CN2022297YE7N9T,2022-10-24,AAC Technologies Holdings Incorporated,"No. 8, Fengqi Road, Hi-Tech. Industry Development Area, Wujin District, Changzhou, Jiangsu",CN,China,31.54176,120.02599,Electronics,A Brand / Retailer|Apple [Public List] (Apple 2019 Facility List)|Samsung [Public List] (Samsung 2021 Facility List),,AAC Technologies Holdings Inc.,,,,,False,,,,,,,,,,,,,,,,,,,,,,,,,,,,,,,,,,,,,,,,,,,,,,,,,,,,,,,,,,,,,,,,,,,,,,,,,,,,,,,,,,,,,,,,,,,,,,,,,,,,,,,,,,,,,,,,,,,,,,,,,,,,,,,,,,
DE202228949KMSF,2022-10-16,Siltronic Corp.,"P.O. Box 1140, D-84479 Burghausen, Germany",DE,Germany,48.1725613,12.8310753,Electronics,A Brand / Retailer|Samsung [Public List] (Samsung 2021 Facility List),,Siltronic Corp.,,,,,False,,,,,,,,,,,,,,,,,,,,,,,,,,,,,,,,,,,,,,,,,,,,,,,,,,,,,,,,,,,,,,,,,,,,,,,,,,,,,,,,,,,,,,,,,,,,,,,,,,,,,,,,,,,,,,,,,,,,,,,,,,,,,,,,,,
DE20222897G7T93,2022-10-16,"Taiyo Yuden Co., Ltd.","Nordring 23, Furth, Germany",DE,Germany,49.50532,11.01451,Electronics,A Brand / Retailer|Samsung [Public List] (Samsung 2021 Facility List),,"Taiyo Yuden Co., Ltd.",,,,,False,,,,,,,,,,,,,,,,,,,,,,,,,,,,,,,,,,,,,,,,,,,,,,,,,,,,,,,,,,,,,,,,,,,,,,,,,,,,,,,,,,,,,,,,,,,,,,,,,,,,,,,,,,,,,,,,,,,,,,,,,,,,,,,,,,
DE2022289TG90M9,2022-10-16,TDK Corp.,"St.Martin Str. 53, Munich, Germany",DE,Germany,48.12000949999999,11.6007916,Electronics,A Brand / Retailer|Samsung [Public List] (Samsung 2021 Facility List),,TDK Corp.,,,,,False,,,,,,,,,,,,,,,,,,,,,,,,,,,,,,,,,,,,,,,,,,,,,,,,,,,,,,,,,,,,,,,,,,,,,,,,,,,,,,,,,,,,,,,,,,,,,,,,,,,,,,,,,,,,,,,,,,,,,,,,,,,,,,,,,,
GB2022289NBK1WJ,2022-10-16,Cirrus Logic Inc.,"7B Nightingale Way, Quartermile Edinburgh, United Kingdom",GB,United Kingdom,55.94371169999999,-3.1953792,Electronics,A Brand / Retailer|Samsung [Public List] (Samsung 2021 Facility List),,Cirrus Logic Inc.,,,,,False,,,,,,,,,,,,,,,,,,,,,,,,,,,,,,,,,,,,,,,,,,,,,,,,,,,,,,,,,,,,,,,,,,,,,,,,,,,,,,,,,,,,,,,,,,,,,,,,,,,,,,,,,,,,,,,,,,,,,,,,,,,,,,,,,,
HK2022289B53N0M,2022-10-16,Intel Corp.,"69/F, Central Plaza, 18 Harbour Road, Wanchai, Hong Kong",HK,Hong Kong,22.2799097,114.1737282,Electronics,A Brand / Retailer|Samsung [Public List] (Samsung 2021 Facility List),,Intel Corp.,,,,,False,,,,,,,,,,,,,,,,,,,,,,,,,,,,,,,,,,,,,,,,,,,,,,,,,,,,,,,,,,,,,,,,,,,,,,,,,,,,,,,,,,,,,,,,,,,,,,,,,,,,,,,,,,,,,,,,,,,,,,,,,,,,,,,,,,
HK2022289CJQ3VZ,2022-10-16,Maxford Technology Limited,"18 Floor, Chung Nam Building, 1 Loc Khart Road, Wanchai, Hong Kong",HK,Hong Kong,22.2785896,114.1689467,Electronics,A Brand / Retailer|Samsung [Public List] (Samsung 2021 Facility List),,Maxford Technology Limited,,,,,False,,,,,,,,,,,,,,,,,,,,,,,,,,,,,,,,,,,,,,,,,,,,,,,,,,,,,,,,,,,,,,,,,,,,,,,,,,,,,,,,,,,,,,,,,,,,,,,,,,,,,,,,,,,,,,,,,,,,,,,,,,,,,,,,,,
HK2022289HYP3C0,2022-10-16,TDK Corp.,"3505 Wharf Cable TV Tower, 9 Hoi Shing Road, Tsuen Wan, N.T., Hong Kong",HK,Hong Kong,22.3727641,114.1074261,Electronics,A Brand / Retailer|Samsung [Public List] (Samsung 2021 Facility List),,TDK Corp.,,,,,False,,,,,,,,,,,,,,,,,,,,,,,,,,,,,,,,,,,,,,,,,,,,,,,,,,,,,,,,,,,,,,,,,,,,,,,,,,,,,,,,,,,,,,,,,,,,,,,,,,,,,,,,,,,,,,,,,,,,,,,,,,,,,,,,,,
HK2022289M7JNJ0,2022-10-16,Texas Instruments Inc.,"3-6, World Shipping Centre, Harbour City, 7 Canton Road, Hong Kong",HK,Hong Kong,22.2970382,114.1686482,Electronics,A Brand / Retailer|Samsung [Public List] (Samsung 2021 Facility List),,Texas Instruments Inc.,,,,,False,,,,,,,,,,,,,,,,,,,,,,,,,,,,,,,,,,,,,,,,,,,,,,,,,,,,,,,,,,,,,,,,,,,,,,,,,,,,,,,,,,,,,,,,,,,,,,,,,,,,,,,,,,,,,,,,,,,,,,,,,,,,,,,,,,
HK2022289QSVCDG,2022-10-16,Biel Crystal Manufactory Ltd.,"Block A, 10/F., A1-A5 Mei Hing Ind. Bldg.,16-18 Hing Yip Street, Kowloon, Hong Kong",HK,Hong Kong,22.3088856,114.225174,Electronics,A Brand / Retailer|Samsung [Public List] (Samsung 2021 Facility List),,Biel Crystal Manufactory Ltd.,,,,,False,,,,,,,,,,,,,,,,,,,,,,,,,,,,,,,,,,,,,,,,,,,,,,,,,,,,,,,,,,,,,,,,,,,,,,,,,,,,,,,,,,,,,,,,,,,,,,,,,,,,,,,,,,,,,,,,,,,,,,,,,,,,,,,,,,
HK2022289RW7FXK,2022-10-16,ASM Lithography Inc.,"3704-3706 37/F Tower Two Times Square, 1 Matheson Street Causeway Bay, Hong Kong",HK,Hong Kong,22.278151,114.1821136,Electronics,A Brand / Retailer|Samsung [Public List] (Samsung 2021 Facility List),,ASM Lithography Inc.,,,,,False,,,,,,,,,,,,,,,,,,,,,,,,,,,,,,,,,,,,,,,,,,,,,,,,,,,,,,,,,,,,,,,,,,,,,,,,,,,,,,,,,,,,,,,,,,,,,,,,,,,,,,,,,,,,,,,,,,,,,,,,,,,,,,,,,,
HK2022289Y5AM4H,2022-10-16,"Lens International HK Co., Ltd.","Unit A, 7/F, Mg Tower, 133 Hoi Bun Road, Kwun Tong, Kowloon, Hong Kong",HK,Hong Kong,22.3129847,114.2173751,Electronics,A Brand / Retailer|Samsung [Public List] (Samsung 2021 Facility List),,"Lens International HK Co., Ltd.",,,,,False,,,,,,,,,,,,,,,,,,,,,,,,,,,,,,,,,,,,,,,,,,,,,,,,,,,,,,,,,,,,,,,,,,,,,,,,,,,,,,,,,,,,,,,,,,,,,,,,,,,,,,,,,,,,,,,,,,,,,,,,,,,,,,,,,,
IN20222894WN1Y4,2022-10-16,"Elentec co., Ltd.","B-37, Sector-80, Phase-Ii, Noida, India",IN,India,28.5502053,77.4064161,Electronics,Samsung [Public List] (Samsung 2021 Facility List)|A Brand / Retailer,,"Elentec co., Ltd.",,,,,False,,,,,,,,,,,,,,,,,,,,,,,,,,,,,,,,,,,,,,,,,,,,,,,,,,,,,,,,,,,,,,,,,,,,,,,,,,,,,,,,,,,,,,,,,,,,,,,,,,,,,,,,,,,,,,,,,,,,,,,,,,,,,,,,,,
IN2022289XACGSC,2022-10-16,"Elentec co., Ltd.","Eou Unit, 57/1&2, Ecotech-I, Extension-I, Greater Noida, India",IN,India,28.532174,77.4535023,Electronics,A Brand / Retailer|Samsung [Public List] (Samsung 2021 Facility List),,"Elentec co., Ltd.",,,,,False,,,,,,,,,,,,,,,,,,,,,,,,,,,,,,,,,,,,,,,,,,,,,,,,,,,,,,,,,,,,,,,,,,,,,,,,,,,,,,,,,,,,,,,,,,,,,,,,,,,,,,,,,,,,,,,,,,,,,,,,,,,,,,,,,,
JP202228929247B,2022-10-16,Canon Inc.,"30-2, Shimomaruko 3-Chome, Ohta-Ku, Tokyo, Japan",JP,Japan,35.5678843,139.6834802,Electronics,A Brand / Retailer|Samsung [Public List] (Samsung 2021 Facility List),,Canon Inc.,,,,,False,,,,,,,,,,,,,,,,,,,,,,,,,,,,,,,,,,,,,,,,,,,,,,,,,,,,,,,,,,,,,,,,,,,,,,,,,,,,,,,,,,,,,,,,,,,,,,,,,,,,,,,,,,,,,,,,,,,,,,,,,,,,,,,,,,
JP20222896QGD5J,2022-10-16,"Alps Electric Co., Ltd.","1-7, Yukigaya-Otsukamachi, Ota-Ku, Tokyo, Japan",JP,Japan,35.5945855,139.6811673,Electronics,A Brand / Retailer|Samsung [Public List] (Samsung 2021 Facility List),,"Alps Electric Co., Ltd.",,,,,False,,,,,,,,,,,,,,,,,,,,,,,,,,,,,,,,,,,,,,,,,,,,,,,,,,,,,,,,,,,,,,,,,,,,,,,,,,,,,,,,,,,,,,,,,,,,,,,,,,,,,,,,,,,,,,,,,,,,,,,,,,,,,,,,,,
JP20222898VW56X,2022-10-16,"Ibiden Co., Ltd.","3-200, Gama-Cho, Ogaki, Gifu Pref, Japan",JP,Japan,35.3822971,136.6017757,Electronics,A Brand / Retailer|Samsung [Public List] (Samsung 2021 Facility List)|Apple [Public List] (Apple 2019 Facility List),,"Ibiden Co., Ltd.",,,,,False,,,,,,,,,,,,,,,,,,,,,,,,,,,,,,,,,,,,,,,,,,,,,,,,,,,,,,,,,,,,,,,,,,,,,,,,,,,,,,,,,,,,,,,,,,,,,,,,,,,,,,,,,,,,,,,,,,,,,,,,,,,,,,,,,,
JP2022289B4QHKX,2022-10-16,Hitachi Ltd.,"24-14 Nishi-Shimbashi, 1-Chome, Minato-Ku, Tokyo, Japan",JP,Japan,35.6699735,139.7502086,Electronics,A Brand / Retailer|Samsung [Public List] (Samsung 2021 Facility List),,Hitachi Ltd.,,,,,False,,,,,,,,,,,,,,,,,,,,,,,,,,,,,,,,,,,,,,,,,,,,,,,,,,,,,,,,,,,,,,,,,,,,,,,,,,,,,,,,,,,,,,,,,,,,,,,,,,,,,,,,,,,,,,,,,,,,,,,,,,,,,,,,,,
JP2022289BYSN2C,2022-10-16,JX Nippon Mining & Metals Corp.,"1-2, Otemachi 1Chome, Chiyoda-Ku, Tokyo, Japan",JP,Japan,35.6876366,139.7623328,Electronics,A Brand / Retailer|Samsung [Public List] (Samsung 2021 Facility List),,JX Nippon Mining & Metals Corp.,,,,,False,,,,,,,,,,,,,,,,,,,,,,,,,,,,,,,,,,,,,,,,,,,,,,,,,,,,,,,,,,,,,,,,,,,,,,,,,,,,,,,,,,,,,,,,,,,,,,,,,,,,,,,,,,,,,,,,,,,,,,,,,,,,,,,,,,
JP2022289CJTD80,2022-10-16,Nitto Denko Corp.,"33rd Floor, Grand Front Osaka, 4-20 Ofuka-Cho, Kita-Ku, Osaka, Japan",JP,Japan,34.7039435,135.4948967,Electronics,A Brand / Retailer|Samsung [Public List] (Samsung 2021 Facility List),,Nitto Denko Corp.,,,,,False,,,,,,,,,,,,,,,,,,,,,,,,,,,,,,,,,,,,,,,,,,,,,,,,,,,,,,,,,,,,,,,,,,,,,,,,,,,,,,,,,,,,,,,,,,,,,,,,,,,,,,,,,,,,,,,,,,,,,,,,,,,,,,,,,,
JP2022289CNJVKM,2022-10-16,Toshiba Corp.,"2570-1, Urasuda, Kamo-Shi, Niigata, Japan",JP,Japan,37.7025741,139.0113202,Electronics,A Brand / Retailer|Samsung [Public List] (Samsung 2021 Facility List),,Toshiba Corp.,,,,,False,,,,,,,,,,,,,,,,,,,,,,,,,,,,,,,,,,,,,,,,,,,,,,,,,,,,,,,,,,,,,,,,,,,,,,,,,,,,,,,,,,,,,,,,,,,,,,,,,,,,,,,,,,,,,,,,,,,,,,,,,,,,,,,,,,
JP2022289D9PAKW,2022-10-16,"Daifuku Co., Ltd.","4-103, Komakihara, Komaki, Aichi, Japan",JP,Japan,35.3033783,136.9302445,Electronics,A Brand / Retailer|Samsung [Public List] (Samsung 2021 Facility List),,"Daifuku Co., Ltd.",,,,,False,,,,,,,,,,,,,,,,,,,,,,,,,,,,,,,,,,,,,,,,,,,,,,,,,,,,,,,,,,,,,,,,,,,,,,,,,,,,,,,,,,,,,,,,,,,,,,,,,,,,,,,,,,,,,,,,,,,,,,,,,,,,,,,,,,
JP2022289DDP68H,2022-10-16,Hitachi Ltd.,"Grantokyo South Tower, 9-2, Marunou Chi 1-Chome, Chiyoda-Ku, Tokyo, Japan",JP,Japan,35.681473,139.7691718,Electronics,A Brand / Retailer|Samsung [Public List] (Samsung 2021 Facility List)|Apple [Public List] (Apple 2019 Facility List),,Hitachi Ltd.,,,,,False,,,,,,,,,,,,,,,,,,,,,,,,,,,,,,,,,,,,,,,,,,,,,,,,,,,,,,,,,,,,,,,,,,,,,,,,,,,,,,,,,,,,,,,,,,,,,,,,,,,,,,,,,,,,,,,,,,,,,,,,,,,,,,,,,,
JP2022289GWCTX2,2022-10-16,Hitachi Ltd.,"15-12 Nishi-Shimbashi 2-Chome, Minato-Ku, Tokyo, Japan",JP,Japan,35.666853,139.750388,Electronics,A Brand / Retailer|Samsung [Public List] (Samsung 2021 Facility List),,Hitachi Ltd.,,,,,False,,,,,,,,,,,,,,,,,,,,,,,,,,,,,,,,,,,,,,,,,,,,,,,,,,,,,,,,,,,,,,,,,,,,,,,,,,,,,,,,,,,,,,,,,,,,,,,,,,,,,,,,,,,,,,,,,,,,,,,,,,,,,,,,,,
JP2022289M5Z4Q6,2022-10-16,Tokyo Electron Ltd.,"Akasaka Biz Tower, 3-1 Akasaka 5-Chome, Minato-Ku, Tokyo, Japan",JP,Japan,35.6740374,139.7365113,Electronics,A Brand / Retailer|Samsung [Public List] (Samsung 2021 Facility List),,Tokyo Electron Ltd.,,,,,False,,,,,,,,,,,,,,,,,,,,,,,,,,,,,,,,,,,,,,,,,,,,,,,,,,,,,,,,,,,,,,,,,,,,,,,,,,,,,,,,,,,,,,,,,,,,,,,,,,,,,,,,,,,,,,,,,,,,,,,,,,,,,,,,,,
JP2022289NQ9WAE,2022-10-16,Advantest Corp.,"Shin-Marunouchi Center Building, 1-6-2 Marunouchi, Chiyoda-Ku, Tokyo, Japan",JP,Japan,35.6839974,139.766525,Electronics,A Brand / Retailer|Samsung [Public List] (Samsung 2021 Facility List),,Advantest Corp.,,,,,False,,,,,,,,,,,,,,,,,,,,,,,,,,,,,,,,,,,,,,,,,,,,,,,,,,,,,,,,,,,,,,,,,,,,,,,,,,,,,,,,,,,,,,,,,,,,,,,,,,,,,,,,,,,,,,,,,,,,,,,,,,,,,,,,,,
JP2022289QZMF2E,2022-10-16,NuFlare Technology Inc.,"8-1, Shinsugita-Cho, Isogo-Ku Yokohama, Kanagawa, Japan",JP,Japan,35.3856405,139.6243672,Electronics,A Brand / Retailer|Samsung [Public List] (Samsung 2021 Facility List),,NuFlare Technology Inc.,,,,,False,,,,,,,,,,,,,,,,,,,,,,,,,,,,,,,,,,,,,,,,,,,,,,,,,,,,,,,,,,,,,,,,,,,,,,,,,,,,,,,,,,,,,,,,,,,,,,,,,,,,,,,,,,,,,,,,,,,,,,,,,,,,,,,,,,
JP2022289X09QG0,2022-10-16,Sumco Corp.,"Seavans North, 1-2-1 Shibaura, Minato-Ku, Tokyo, Japan",JP,Japan,35.6491919,139.7563756,Electronics,A Brand / Retailer|Samsung [Public List] (Samsung 2021 Facility List),,Sumco Corp.,,,,,False,,,,,,,,,,,,,,,,,,,,,,,,,,,,,,,,,,,,,,,,,,,,,,,,,,,,,,,,,,,,,,,,,,,,,,,,,,,,,,,,,,,,,,,,,,,,,,,,,,,,,,,,,,,,,,,,,,,,,,,,,,,,,,,,,,
KR20222890V3GX1,2022-10-16,"New Motech Co., Ltd.","8, Hanamsandan 7 Beon-Ro, Gwangsan-Gu, Gwangju, Korea",KR,"Korea, Republic of",35.1767498,126.9132033,Electronics,A Brand / Retailer|Samsung [Public List] (Samsung 2021 Facility List),,"New Motech Co., Ltd.",,,,,False,,,,,,,,,,,,,,,,,,,,,,,,,,,,,,,,,,,,,,,,,,,,,,,,,,,,,,,,,,,,,,,,,,,,,,,,,,,,,,,,,,,,,,,,,,,,,,,,,,,,,,,,,,,,,,,,,,,,,,,,,,,,,,,,,,
KR202228921VQW7,2022-10-16,Versum Materials Inc.,"143, Hyeomnyeok-Ro, Siheung-Si, Gyeonggi-Do, Korea",KR,"Korea, Republic of",37.3423738,126.7053813,Electronics,A Brand / Retailer|Samsung [Public List] (Samsung 2021 Facility List),,Versum Materials Inc.,,,,,False,,,,,,,,,,,,,,,,,,,,,,,,,,,,,,,,,,,,,,,,,,,,,,,,,,,,,,,,,,,,,,,,,,,,,,,,,,,,,,,,,,,,,,,,,,,,,,,,,,,,,,,,,,,,,,,,,,,,,,,,,,,,,,,,,,
KR20222892DC16R,2022-10-16,"Jahwa Electronics Co., Ltd.","1217, Chungcheong-Daero, Bugi-Myeon, Cheongwon-Gu, Cheongju-Si, Chungcheongbuk-Do, Korea",KR,"Korea, Republic of",36.7513389,127.5463241,Electronics,A Brand / Retailer|Samsung [Public List] (Samsung 2021 Facility List),,"Jahwa Electronics Co., Ltd.",,,,,False,,,,,,,,,,,,,,,,,,,,,,,,,,,,,,,,,,,,,,,,,,,,,,,,,,,,,,,,,,,,,,,,,,,,,,,,,,,,,,,,,,,,,,,,,,,,,,,,,,,,,,,,,,,,,,,,,,,,,,,,,,,,,,,,,,
KR20222892WN24F,2022-10-16,"Rohm Co., Ltd.","159-13, Gasan Digital 1-Ro, Geumcheon-Gu, Seoul, Korea",KR,"Korea, Republic of",37.4794117,126.8805545,Electronics,A Brand / Retailer|Samsung [Public List] (Samsung 2021 Facility List),,"Rohm Co., Ltd.",,,,,False,,,,,,,,,,,,,,,,,,,,,,,,,,,,,,,,,,,,,,,,,,,,,,,,,,,,,,,,,,,,,,,,,,,,,,,,,,,,,,,,,,,,,,,,,,,,,,,,,,,,,,,,,,,,,,,,,,,,,,,,,,,,,,,,,,
KR20222892Y84XZ,2022-10-16,Edwards Limited,"96, 3 Gongdan 1-Ro, Seobuk-Gu, Cheonan-Si, Chungcheongnam-Do, Korea",KR,"Korea, Republic of",36.8785965,127.143142,Electronics,A Brand / Retailer|Samsung [Public List] (Samsung 2021 Facility List),,Edwards Limited,,,,,False,,,,,,,,,,,,,,,,,,,,,,,,,,,,,,,,,,,,,,,,,,,,,,,,,,,,,,,,,,,,,,,,,,,,,,,,,,,,,,,,,,,,,,,,,,,,,,,,,,,,,,,,,,,,,,,,,,,,,,,,,,,,,,,,,,
KR202228939H973,2022-10-16,"STI Co., Ltd.","1, Bonggi-Gil, Gongdo-Eup, Anseong-Si, Gyeonggi-Do, Korea",KR,"Korea, Republic of",37.0055516,127.1898031,Electronics,A Brand / Retailer|Samsung [Public List] (Samsung 2021 Facility List),,"STI Co., Ltd.",,,,,False,,,,,,,,,,,,,,,,,,,,,,,,,,,,,,,,,,,,,,,,,,,,,,,,,,,,,,,,,,,,,,,,,,,,,,,,,,,,,,,,,,,,,,,,,,,,,,,,,,,,,,,,,,,,,,,,,,,,,,,,,,,,,,,,,,
KR20222893C3KXR,2022-10-16,The Dow Chemical Company,"412, Teheran-Ro, Gangnam-Gu, Seoul, Korea",KR,"Korea, Republic of",37.5047286,127.0512518,Electronics,A Brand / Retailer|Samsung [Public List] (Samsung 2021 Facility List),,The Dow Chemical Company,,,,,False,,,,,,,,,,,,,,,,,,,,,,,,,,,,,,,,,,,,,,,,,,,,,,,,,,,,,,,,,,,,,,,,,,,,,,,,,,,,,,,,,,,,,,,,,,,,,,,,,,,,,,,,,,,,,,,,,,,,,,,,,,,,,,,,,,
KR20222893XG47H,2022-10-16,"Kirin Precision Co., Ltd.","(Hanamdong) 106 287, Sonjae-Ro, Gwangsan-Gu, Gwangju, Korea",KR,"Korea, Republic of",35.1902998,126.7935822,Electronics,A Brand / Retailer|Samsung [Public List] (Samsung 2021 Facility List),,"Kirin Precision Co., Ltd.",,,,,False,,,,,,,,,,,,,,,,,,,,,,,,,,,,,,,,,,,,,,,,,,,,,,,,,,,,,,,,,,,,,,,,,,,,,,,,,,,,,,,,,,,,,,,,,,,,,,,,,,,,,,,,,,,,,,,,,,,,,,,,,,,,,,,,,,
KR202228948QNZD,2022-10-16,Air Products and Chemicals Inc.,"3, Nongseo-Ro, 46Beon-Gil, Giheung-Gu, Yongin-Si, Gyunggi-Do, Korea",KR,"Korea, Republic of",37.2243175,127.0882238,Electronics,A Brand / Retailer|Samsung [Public List] (Samsung 2021 Facility List),,Air Products and Chemicals Inc.,,,,,False,,,,,,,,,,,,,,,,,,,,,,,,,,,,,,,,,,,,,,,,,,,,,,,,,,,,,,,,,,,,,,,,,,,,,,,,,,,,,,,,,,,,,,,,,,,,,,,,,,,,,,,,,,,,,,,,,,,,,,,,,,,,,,,,,,
KR20222894AH9MJ,2022-10-16,"Samsung Electro-Mechanics Co., Ltd.","50, Maeyeong-Ro, Yeongtong-Gu, Suwon-Si, Gyeonggi-Do, Korea",KR,"Korea, Republic of",37.2687961,127.0480483,Electronics,A Brand / Retailer|Samsung [Public List] (Samsung 2021 Facility List),,"Samsung Electro-Mechanics Co., Ltd.",,,,,False,,,,,,,,,,,,,,,,,,,,,,,,,,,,,,,,,,,,,,,,,,,,,,,,,,,,,,,,,,,,,,,,,,,,,,,,,,,,,,,,,,,,,,,,,,,,,,,,,,,,,,,,,,,,,,,,,,,,,,,,,,,,,,,,,,
KR2022289541YVS,2022-10-16,Hitachi Ltd.,"8F Young Poong Bldg., 41 Cheonggyecheon-Ro, Chongro-Ku, Seoul, Korea",KR,"Korea, Republic of",37.5696304,126.9821706,Electronics,A Brand / Retailer|Samsung [Public List] (Samsung 2021 Facility List),,Hitachi Ltd.,,,,,False,,,,,,,,,,,,,,,,,,,,,,,,,,,,,,,,,,,,,,,,,,,,,,,,,,,,,,,,,,,,,,,,,,,,,,,,,,,,,,,,,,,,,,,,,,,,,,,,,,,,,,,,,,,,,,,,,,,,,,,,,,,,,,,,,,
KR20222895R363Z,2022-10-16,Versum Materials Inc.,"283, Haebong-Ro, Danwon-Gu, Ansan-Si, Gyeonggi-Do, Korea",KR,"Korea, Republic of",37.32508860000001,126.7715149,Electronics,A Brand / Retailer|Samsung [Public List] (Samsung 2021 Facility List),,Versum Materials Inc.,,,,,False,,,,,,,,,,,,,,,,,,,,,,,,,,,,,,,,,,,,,,,,,,,,,,,,,,,,,,,,,,,,,,,,,,,,,,,,,,,,,,,,,,,,,,,,,,,,,,,,,,,,,,,,,,,,,,,,,,,,,,,,,,,,,,,,,,
KR20222895WRA6Z,2022-10-16,The Dow Chemical Company,"112, Seonggeo-Gil, Seonggeo-Eup, Seobuk-Gu, Cheonan-Si, Chungcheongnam-Do, Korea",KR,"Korea, Republic of",36.87501410000001,127.205621,Electronics,A Brand / Retailer|Samsung [Public List] (Samsung 2021 Facility List),,The Dow Chemical Company,,,,,False,,,,,,,,,,,,,,,,,,,,,,,,,,,,,,,,,,,,,,,,,,,,,,,,,,,,,,,,,,,,,,,,,,,,,,,,,,,,,,,,,,,,,,,,,,,,,,,,,,,,,,,,,,,,,,,,,,,,,,,,,,,,,,,,,,
KR202228960ZWF6,2022-10-16,"Hanyang ENG Co., Ltd.","72, Yeongtong-Ro, 26 Beon-Gil, Hwaseong-Si, Gyeonggi-Do, Korea",KR,"Korea, Republic of",37.2341775,127.0631702,Electronics,A Brand / Retailer|Samsung [Public List] (Samsung 2021 Facility List),,"Hanyang ENG Co., Ltd.",,,,,False,,,,,,,,,,,,,,,,,,,,,,,,,,,,,,,,,,,,,,,,,,,,,,,,,,,,,,,,,,,,,,,,,,,,,,,,,,,,,,,,,,,,,,,,,,,,,,,,,,,,,,,,,,,,,,,,,,,,,,,,,,,,,,,,,,
KR202228963ZXE9,2022-10-16,The Dow Chemical Company,"56, 3 Gongdan 1-Ro, Seobuk-Gu, Cheonan-Si, Chungcheongnam-Do, Korea",KR,"Korea, Republic of",36.8785965,127.143142,Electronics,A Brand / Retailer|Samsung [Public List] (Samsung 2021 Facility List),,The Dow Chemical Company,,,,,False,,,,,,,,,,,,,,,,,,,,,,,,,,,,,,,,,,,,,,,,,,,,,,,,,,,,,,,,,,,,,,,,,,,,,,,,,,,,,,,,,,,,,,,,,,,,,,,,,,,,,,,,,,,,,,,,,,,,,,,,,,,,,,,,,,
KR202228970WTSC,2022-10-16,"Murata Manufacturing Co., Ltd.","411, Seocho-Daero, Seocho-Gu, Seoul, Korea",KR,"Korea, Republic of",37.4977803,127.0261927,Electronics,Samsung [Public List] (Samsung 2021 Facility List)|A Brand / Retailer,,"Murata Manufacturing Co., Ltd.",,,,,False,,,,,,,,,,,,,,,,,,,,,,,,,,,,,,,,,,,,,,,,,,,,,,,,,,,,,,,,,,,,,,,,,,,,,,,,,,,,,,,,,,,,,,,,,,,,,,,,,,,,,,,,,,,,,,,,,,,,,,,,,,,,,,,,,,
KR20222897288Q6,2022-10-16,"Hansol Technics Co., Ltd.","55, Hansam-ro, Deoksan-myeon, Jincheon-gun, Chungcheongbuk-do, Korea",KR,"Korea, Republic of",36.9170559,127.5023316,Electronics,A Brand / Retailer|Samsung [Public List] (Samsung 2021 Facility List),,"Hansol Technics Co., Ltd.",,,,,False,,,,,,,,,,,,,,,,,,,,,,,,,,,,,,,,,,,,,,,,,,,,,,,,,,,,,,,,,,,,,,,,,,,,,,,,,,,,,,,,,,,,,,,,,,,,,,,,,,,,,,,,,,,,,,,,,,,,,,,,,,,,,,,,,,
KR202228973R552,2022-10-16,Applied Materials Inc.,"322, Yanghyeon-Ro, Bundang-Gu, Seongnam-Si, Gyeonggi-Do, Korea",KR,"Korea, Republic of",37.4131901,127.1232456,Electronics,A Brand / Retailer|Samsung [Public List] (Samsung 2021 Facility List),,Applied Materials Inc.,,,,,False,,,,,,,,,,,,,,,,,,,,,,,,,,,,,,,,,,,,,,,,,,,,,,,,,,,,,,,,,,,,,,,,,,,,,,,,,,,,,,,,,,,,,,,,,,,,,,,,,,,,,,,,,,,,,,,,,,,,,,,,,,,,,,,,,,
KR20222897CH7PQ,2022-10-16,Entegris Inc.,"72, Je2Gongdan 1-Gil, Miyang-Myeon, Anseong-Si, Gyeonggi-Do, Korea",KR,"Korea, Republic of",37.0010829,127.2214636,Electronics,A Brand / Retailer|Samsung [Public List] (Samsung 2021 Facility List),,Entegris Inc.,,,,,False,,,,,,,,,,,,,,,,,,,,,,,,,,,,,,,,,,,,,,,,,,,,,,,,,,,,,,,,,,,,,,,,,,,,,,,,,,,,,,,,,,,,,,,,,,,,,,,,,,,,,,,,,,,,,,,,,,,,,,,,,,,,,,,,,,
KR20222897DDP0D,2022-10-16,Adeka Corporation,"70, Wanjusandan 2-Ro, Bongdong-Eup, Wanju-Gun, Jeollabuk-Do, Korea",KR,"Korea, Republic of",35.9408109,127.1319074,Electronics,A Brand / Retailer|Samsung [Public List] (Samsung 2021 Facility List),,Adeka Corporation,,,,,False,,,,,,,,,,,,,,,,,,,,,,,,,,,,,,,,,,,,,,,,,,,,,,,,,,,,,,,,,,,,,,,,,,,,,,,,,,,,,,,,,,,,,,,,,,,,,,,,,,,,,,,,,,,,,,,,,,,,,,,,,,,,,,,,,,
KR202228982R7ZY,2022-10-16,Dongyang E&P Inc.,"76, Jinwisandanro, Jinwi-Myeon, Pyeongtaek-Si, Gyeonggi-Do, Korea",KR,"Korea, Republic of",37.1253264,127.0838551,Electronics,A Brand / Retailer|Samsung [Public List] (Samsung 2021 Facility List),,Dongyang E&P Inc.,,,,,False,,,,,,,,,,,,,,,,,,,,,,,,,,,,,,,,,,,,,,,,,,,,,,,,,,,,,,,,,,,,,,,,,,,,,,,,,,,,,,,,,,,,,,,,,,,,,,,,,,,,,,,,,,,,,,,,,,,,,,,,,,,,,,,,,,
KR20222898F390S,2022-10-16,"LOT Vacuum Co., Ltd.","68, Gongdan1-Ro, Anseong-Si, Gyeonggi-Do, Korea",KR,"Korea, Republic of",37.0142797,127.2453967,Electronics,A Brand / Retailer|Samsung [Public List] (Samsung 2021 Facility List),,"LOT Vacuum Co., Ltd.",,,,,False,,,,,,,,,,,,,,,,,,,,,,,,,,,,,,,,,,,,,,,,,,,,,,,,,,,,,,,,,,,,,,,,,,,,,,,,,,,,,,,,,,,,,,,,,,,,,,,,,,,,,,,,,,,,,,,,,,,,,,,,,,,,,,,,,,
KR20222898TZ4E9,2022-10-16,TDK Corp.,"8F, Songnam Building, Seocho-Dong, Seocho-Gu, Seoul, Korea",KR,"Korea, Republic of",37.4876872,127.0174271,Electronics,A Brand / Retailer|Samsung [Public List] (Samsung 2021 Facility List),,TDK Corp.,,,,,False,,,,,,,,,,,,,,,,,,,,,,,,,,,,,,,,,,,,,,,,,,,,,,,,,,,,,,,,,,,,,,,,,,,,,,,,,,,,,,,,,,,,,,,,,,,,,,,,,,,,,,,,,,,,,,,,,,,,,,,,,,,,,,,,,,
KR20222899843S7,2022-10-16,"TES Co., Ltd.","2374-36, Jungbu-Daero, Yangji-Myeon, Cheoin-Gu, Yongin-Si, Gyeonggi-Do, Korea",KR,"Korea, Republic of",37.2342083,127.3019038,Electronics,A Brand / Retailer|Samsung [Public List] (Samsung 2021 Facility List),,"TES Co., Ltd.",,,,,False,,,,,,,,,,,,,,,,,,,,,,,,,,,,,,,,,,,,,,,,,,,,,,,,,,,,,,,,,,,,,,,,,,,,,,,,,,,,,,,,,,,,,,,,,,,,,,,,,,,,,,,,,,,,,,,,,,,,,,,,,,,,,,,,,,
KR20222899PCTD8,2022-10-16,JX Nippon Mining & Metals Corp.,"54, Hansan-Gil, Cheongbuk-Myeon, Pyeongtaek-Si, Gyeonggi-Do, Korea",KR,"Korea, Republic of",37.052104,126.970705,Electronics,A Brand / Retailer|Samsung [Public List] (Samsung 2021 Facility List),,JX Nippon Mining & Metals Corp.,,,,,False,,,,,,,,,,,,,,,,,,,,,,,,,,,,,,,,,,,,,,,,,,,,,,,,,,,,,,,,,,,,,,,,,,,,,,,,,,,,,,,,,,,,,,,,,,,,,,,,,,,,,,,,,,,,,,,,,,,,,,,,,,,,,,,,,,
KR2022289AY17Z5,2022-10-16,Tokyo Electron Ltd.,"51, Jangangongdan 6-Gil, Jangan-Myeon, Hwaseong-Si, Gyeonggi-Do, Korea",KR,"Korea, Republic of",37.0798127,126.8312507,Electronics,A Brand / Retailer|Samsung [Public List] (Samsung 2021 Facility List),,Tokyo Electron Ltd.,,,,,False,,,,,,,,,,,,,,,,,,,,,,,,,,,,,,,,,,,,,,,,,,,,,,,,,,,,,,,,,,,,,,,,,,,,,,,,,,,,,,,,,,,,,,,,,,,,,,,,,,,,,,,,,,,,,,,,,,,,,,,,,,,,,,,,,,
KR2022289BPMSW0,2022-10-16,Hitachi Ltd.,"46, 2Gongdan 8-Gil, Seobuk-Gu, Cheonan-Si, Chungcheongnam-Do, Korea",KR,"Korea, Republic of",36.8584785,127.1222968,Electronics,A Brand / Retailer|Samsung [Public List] (Samsung 2021 Facility List),,Hitachi Ltd.,,,,,False,,,,,,,,,,,,,,,,,,,,,,,,,,,,,,,,,,,,,,,,,,,,,,,,,,,,,,,,,,,,,,,,,,,,,,,,,,,,,,,,,,,,,,,,,,,,,,,,,,,,,,,,,,,,,,,,,,,,,,,,,,,,,,,,,,
KR2022289C8TWJJ,2022-10-16,"Daifuku Co., Ltd.","14, Dongtanjiseong-Ro, Hwaseong-So, Gyeonggi-Do, Korea",KR,"Korea, Republic of",37.2051109,127.0729567,Electronics,A Brand / Retailer|Samsung [Public List] (Samsung 2021 Facility List),,"Daifuku Co., Ltd.",,,,,False,,,,,,,,,,,,,,,,,,,,,,,,,,,,,,,,,,,,,,,,,,,,,,,,,,,,,,,,,,,,,,,,,,,,,,,,,,,,,,,,,,,,,,,,,,,,,,,,,,,,,,,,,,,,,,,,,,,,,,,,,,,,,,,,,,
KR2022289DK4846,2022-10-16,DAP Corporation,"474-22 Anseongmachum-Road, Miyang-Myeon, Anseong, Gyeonggi-do, Korea",KR,"Korea, Republic of",36.9753084,127.2153235,Electronics,A Brand / Retailer|Samsung [Public List] (Samsung 2021 Facility List),,DAP Corporation,,,,,False,,,,,,,,,,,,,,,,,,,,,,,,,,,,,,,,,,,,,,,,,,,,,,,,,,,,,,,,,,,,,,,,,,,,,,,,,,,,,,,,,,,,,,,,,,,,,,,,,,,,,,,,,,,,,,,,,,,,,,,,,,,,,,,,,,
KR2022289EKWQ0A,2022-10-16,Praxair Technology Inc.,"7, 3 Gongdan 2-Ro, Seobuk-Gu, Cheonan-Si, Chungcheongnam-Do, Korea",KR,"Korea, Republic of",36.8785965,127.143142,Electronics,A Brand / Retailer|Samsung [Public List] (Samsung 2021 Facility List),,Praxair Technology Inc.,,,,,False,,,,,,,,,,,,,,,,,,,,,,,,,,,,,,,,,,,,,,,,,,,,,,,,,,,,,,,,,,,,,,,,,,,,,,,,,,,,,,,,,,,,,,,,,,,,,,,,,,,,,,,,,,,,,,,,,,,,,,,,,,,,,,,,,,
KR2022289F2DG7B,2022-10-16,Toshiba Corp.,"517, Yeongdong-Daero, Gangnam-Gu, Seoul, Korea",KR,"Korea, Republic of",37.5101935,127.0585824,Electronics,A Brand / Retailer|A Brand / Retailer|Samsung [Public List] (Samsung 2021 Facility List)|Samsung [Public List] (Samsung 2021 Facility List),,Toshiba Corp.|Toshiba Corp.,,,,,False,,,,,,,,,,,,,,,,,,,,,,,,,,,,,,,,,,,,,,,,,,,,,,,,,,,,,,,,,,,,,,,,,,,,,,,,,,,,,,,,,,,,,,,,,,,,,,,,,,,,,,,,,,,,,,,,,,,,,,,,,,,,,,,,,,
KR2022289F5ZSNQ,2022-10-16,"ULVAC, Inc.","5, Hansan-Gil, Cheongbuk-Eup, Pyeongtaek-Si, Gyeonggi-Do, Korea",KR,"Korea, Republic of",37.0479431,126.9698236,Electronics,A Brand / Retailer|Samsung [Public List] (Samsung 2021 Facility List),,"ULVAC, Inc.",,,,,False,,,,,,,,,,,,,,,,,,,,,,,,,,,,,,,,,,,,,,,,,,,,,,,,,,,,,,,,,,,,,,,,,,,,,,,,,,,,,,,,,,,,,,,,,,,,,,,,,,,,,,,,,,,,,,,,,,,,,,,,,,,,,,,,,,
KR2022289FZ52BP,2022-10-16,"Partron Co., Ltd.","22, Samsung 1-Ro 2-Gil, Hwaseong-Si, Gyeonggi-Do, Korea",KR,"Korea, Republic of",37.2244573,127.0719188,Electronics,A Brand / Retailer|Samsung [Public List] (Samsung 2021 Facility List),,"Partron Co., Ltd.",,,,,False,,,,,,,,,,,,,,,,,,,,,,,,,,,,,,,,,,,,,,,,,,,,,,,,,,,,,,,,,,,,,,,,,,,,,,,,,,,,,,,,,,,,,,,,,,,,,,,,,,,,,,,,,,,,,,,,,,,,,,,,,,,,,,,,,,
KR2022289G1SCP2,2022-10-16,Hitachi Ltd.,"92, Sanho-Daero, Gumi-Si, Gyeongsangbuk-Do, Korea",KR,"Korea, Republic of",36.0916153,128.387894,Electronics,A Brand / Retailer|Samsung [Public List] (Samsung 2021 Facility List),,Hitachi Ltd.,,,,,False,,,,,,,,,,,,,,,,,,,,,,,,,,,,,,,,,,,,,,,,,,,,,,,,,,,,,,,,,,,,,,,,,,,,,,,,,,,,,,,,,,,,,,,,,,,,,,,,,,,,,,,,,,,,,,,,,,,,,,,,,,,,,,,,,,
KR2022289G3Z3R3,2022-10-16,"Samsung SDI Co., Ltd.","Gongse-Dong 150-20, Gongse-Ro, Giheung-Gu , Yongin-Si, Gyeonggi-Do, Korea",KR,"Korea, Republic of",37.2365227,127.1109885,Electronics,A Brand / Retailer|Samsung [Public List] (Samsung 2021 Facility List),,"Samsung SDI Co., Ltd.",,,,,False,,,,,,,,,,,,,,,,,,,,,,,,,,,,,,,,,,,,,,,,,,,,,,,,,,,,,,,,,,,,,,,,,,,,,,,,,,,,,,,,,,,,,,,,,,,,,,,,,,,,,,,,,,,,,,,,,,,,,,,,,,,,,,,,,,
KR2022289G81R3A,2022-10-16,Advantest Corp.,"140, 3 Samgongdan 6-Ro, Seobuk-Gu, Cheonan-Si, Chungcheongnam-Do, Korea",KR,"Korea, Republic of",36.8785965,127.143142,Electronics,A Brand / Retailer|Samsung [Public List] (Samsung 2021 Facility List),,Advantest Corp.,,,,,False,,,,,,,,,,,,,,,,,,,,,,,,,,,,,,,,,,,,,,,,,,,,,,,,,,,,,,,,,,,,,,,,,,,,,,,,,,,,,,,,,,,,,,,,,,,,,,,,,,,,,,,,,,,,,,,,,,,,,,,,,,,,,,,,,,
KR2022289H6Q2PW,2022-10-16,"Taiyo Yuden Co., Ltd.","43, Jayumuyeok 3-Gil, Masanhoewon-Gu, Changwon-Si, Gyeongsangnam-Do, Korea",KR,"Korea, Republic of",35.21356129999999,128.5913619,Electronics,A Brand / Retailer|Samsung [Public List] (Samsung 2021 Facility List),,"Taiyo Yuden Co., Ltd.",,,,,False,,,,,,,,,,,,,,,,,,,,,,,,,,,,,,,,,,,,,,,,,,,,,,,,,,,,,,,,,,,,,,,,,,,,,,,,,,,,,,,,,,,,,,,,,,,,,,,,,,,,,,,,,,,,,,,,,,,,,,,,,,,,,,,,,,
KR2022289HQT3WQ,2022-10-16,"Dongwoo Fine-Chem Co., Ltd.","35, Poseunggongdan-ro, 117 beon-gil, Poseung-eup, Pyeongtaek-si, Gyeonggi-do, Korea",KR,"Korea, Republic of",36.9811968,126.8499822,Electronics,A Brand / Retailer|Samsung [Public List] (Samsung 2021 Facility List),,"Dongwoo Fine-Chem Co., Ltd.",,,,,False,,,,,,,,,,,,,,,,,,,,,,,,,,,,,,,,,,,,,,,,,,,,,,,,,,,,,,,,,,,,,,,,,,,,,,,,,,,,,,,,,,,,,,,,,,,,,,,,,,,,,,,,,,,,,,,,,,,,,,,,,,,,,,,,,,
KR2022289JFD51A,2022-10-16,"Alps Electric Co., Ltd.","33 (Jangduk-Dong) Hanamsandan 5 Byunro, Gwangsan-Gu, Gwangju, Korea",KR,"Korea, Republic of",35.1919623,126.8202439,Electronics,A Brand / Retailer|Samsung [Public List] (Samsung 2021 Facility List),,"Alps Electric Co., Ltd.",,,,,False,,,,,,,,,,,,,,,,,,,,,,,,,,,,,,,,,,,,,,,,,,,,,,,,,,,,,,,,,,,,,,,,,,,,,,,,,,,,,,,,,,,,,,,,,,,,,,,,,,,,,,,,,,,,,,,,,,,,,,,,,,,,,,,,,,
KR2022289JFETMK,2022-10-16,Lam Research Corp.,"4F, 28, Pangyo-Ro, 255 Beon-Gil, Bundang-Gu, Seongnam-Si, Gyeonggi-Do, Korea",KR,"Korea, Republic of",37.4041934,127.1025403,Electronics,A Brand / Retailer|Samsung [Public List] (Samsung 2021 Facility List),,Lam Research Corp.,,,,,False,,,,,,,,,,,,,,,,,,,,,,,,,,,,,,,,,,,,,,,,,,,,,,,,,,,,,,,,,,,,,,,,,,,,,,,,,,,,,,,,,,,,,,,,,,,,,,,,,,,,,,,,,,,,,,,,,,,,,,,,,,,,,,,,,,
KR2022289KMHMY0,2022-10-16,"Samsung Display Co., Ltd.","77, 4 Sandan 5-Gil, Cheonan-Si Seobuk-Gu, Chungcheongnam-Do, Korea",KR,"Korea, Republic of",36.7799863,127.2946853,Electronics,A Brand / Retailer|Samsung [Public List] (Samsung 2021 Facility List),,"Samsung Display Co., Ltd.",,,,,False,,,,,,,,,,,,,,,,,,,,,,,,,,,,,,,,,,,,,,,,,,,,,,,,,,,,,,,,,,,,,,,,,,,,,,,,,,,,,,,,,,,,,,,,,,,,,,,,,,,,,,,,,,,,,,,,,,,,,,,,,,,,,,,,,,
KR2022289N41TJW,2022-10-16,PSK Inc.,"48, Samsung 1 Ro 4-Gil, Hwaseong-Si, Gyeonggi-Do, Korea",KR,"Korea, Republic of",37.2244573,127.0719188,Electronics,A Brand / Retailer|Samsung [Public List] (Samsung 2021 Facility List),,PSK Inc.,,,,,False,,,,,,,,,,,,,,,,,,,,,,,,,,,,,,,,,,,,,,,,,,,,,,,,,,,,,,,,,,,,,,,,,,,,,,,,,,,,,,,,,,,,,,,,,,,,,,,,,,,,,,,,,,,,,,,,,,,,,,,,,,,,,,,,,,
KR2022289N7MGNB,2022-10-16,"Wonik IPS Co., Ltd.","75, Jinwisandan-Ro, Jinwi-Myeon, Pyeongtaek-Si, Gyeonggi-Do, Korea",KR,"Korea, Republic of",37.1251748,127.0827811,Electronics,A Brand / Retailer|Samsung [Public List] (Samsung 2021 Facility List),,"Wonik IPS Co., Ltd.",,,,,False,,,,,,,,,,,,,,,,,,,,,,,,,,,,,,,,,,,,,,,,,,,,,,,,,,,,,,,,,,,,,,,,,,,,,,,,,,,,,,,,,,,,,,,,,,,,,,,,,,,,,,,,,,,,,,,,,,,,,,,,,,,,,,,,,,
KR2022289PHWPQ6,2022-10-16,"Intops Co., Ltd.","148, Okgye 2 Gongdan-Ro, Gumi-Si, Gyeongsangbuk-Do, Korea",KR,"Korea, Republic of",36.14413450000001,128.1336541,Electronics,A Brand / Retailer|Samsung [Public List] (Samsung 2021 Facility List),,"Intops Co., Ltd.",,,,,False,,,,,,,,,,,,,,,,,,,,,,,,,,,,,,,,,,,,,,,,,,,,,,,,,,,,,,,,,,,,,,,,,,,,,,,,,,,,,,,,,,,,,,,,,,,,,,,,,,,,,,,,,,,,,,,,,,,,,,,,,,,,,,,,,,
KR2022289PP5XRW,2022-10-16,ASM Lithography Inc.,"25, 5Gil, Samsung 1 Ro, Hwasung-Si, Gyeonggi-Do, Korea",KR,"Korea, Republic of",37.2244573,127.0719188,Electronics,A Brand / Retailer|Samsung [Public List] (Samsung 2021 Facility List),,ASM Lithography Inc.,,,,,False,,,,,,,,,,,,,,,,,,,,,,,,,,,,,,,,,,,,,,,,,,,,,,,,,,,,,,,,,,,,,,,,,,,,,,,,,,,,,,,,,,,,,,,,,,,,,,,,,,,,,,,,,,,,,,,,,,,,,,,,,,,,,,,,,,
KR2022289PX7QPX,2022-10-16,"Dongwoo Fine-Chem Co., Ltd.","132, Yakchon-Ro, Iksan-Si, Jeollabuk-Do, Korea",KR,"Korea, Republic of",35.946058,126.977508,Electronics,A Brand / Retailer|Samsung [Public List] (Samsung 2021 Facility List),,"Dongwoo Fine-Chem Co., Ltd.",,,,,False,,,,,,,,,,,,,,,,,,,,,,,,,,,,,,,,,,,,,,,,,,,,,,,,,,,,,,,,,,,,,,,,,,,,,,,,,,,,,,,,,,,,,,,,,,,,,,,,,,,,,,,,,,,,,,,,,,,,,,,,,,,,,,,,,,
KR2022289Q7QH2Y,2022-10-16,Canon Inc.,"607, Teheran-Ro, Gangnam-Gu, Seoul, Korea",KR,"Korea, Republic of",37.5094615,127.0639722,Electronics,A Brand / Retailer|Samsung [Public List] (Samsung 2021 Facility List),,Canon Inc.,,,,,False,,,,,,,,,,,,,,,,,,,,,,,,,,,,,,,,,,,,,,,,,,,,,,,,,,,,,,,,,,,,,,,,,,,,,,,,,,,,,,,,,,,,,,,,,,,,,,,,,,,,,,,,,,,,,,,,,,,,,,,,,,,,,,,,,,
KR2022289RCDZ17,2022-10-16,Taiyo Nippon Sanso Corp.,"94, Eumbongmyeon-Ro, Eumbong-Myeon, Asan-Si, Chungcheongnam-Do, Korea",KR,"Korea, Republic of",36.8569211,127.0200884,Electronics,A Brand / Retailer|Samsung [Public List] (Samsung 2021 Facility List),,Taiyo Nippon Sanso Corp.,,,,,False,,,,,,,,,,,,,,,,,,,,,,,,,,,,,,,,,,,,,,,,,,,,,,,,,,,,,,,,,,,,,,,,,,,,,,,,,,,,,,,,,,,,,,,,,,,,,,,,,,,,,,,,,,,,,,,,,,,,,,,,,,,,,,,,,,
KR2022289S716NJ,2022-10-16,"Wonik Materials Co., Ltd.","30, Yangcheong 3-Gil, Yangcheong-Ri, Cheongju-Si, Chungcheongbuk-Do, Korea",KR,"Korea, Republic of",36.7276431,127.4288839,Electronics,A Brand / Retailer|Samsung [Public List] (Samsung 2021 Facility List),,"Wonik Materials Co., Ltd.",,,,,False,,,,,,,,,,,,,,,,,,,,,,,,,,,,,,,,,,,,,,,,,,,,,,,,,,,,,,,,,,,,,,,,,,,,,,,,,,,,,,,,,,,,,,,,,,,,,,,,,,,,,,,,,,,,,,,,,,,,,,,,,,,,,,,,,,
KR2022289SSFGPX,2022-10-16,"Samsung Display Co., Ltd.","95 Samsung 2nd Road. Nonsuh-Dong Kiheung-Gu, Yongin Gyeonggi-Do, Korea",KR,"Korea, Republic of",37.2801554,127.114659,Electronics,A Brand / Retailer|Samsung [Public List] (Samsung 2021 Facility List),,"Samsung Display Co., Ltd.",,,,,False,,,,,,,,,,,,,,,,,,,,,,,,,,,,,,,,,,,,,,,,,,,,,,,,,,,,,,,,,,,,,,,,,,,,,,,,,,,,,,,,,,,,,,,,,,,,,,,,,,,,,,,,,,,,,,,,,,,,,,,,,,,,,,,,,,
KR2022289TGM8TP,2022-10-16,"Powerlogics Co., Ltd.","163 Gwahaksanup 4Ro, Oksan-Myeon, Cheongwon-Gun, Chungchongbuk-Do, Korea",KR,"Korea, Republic of",36.6644722,127.3756459,Electronics,A Brand / Retailer|Samsung [Public List] (Samsung 2021 Facility List),,"Powerlogics Co., Ltd.",,,,,False,,,,,,,,,,,,,,,,,,,,,,,,,,,,,,,,,,,,,,,,,,,,,,,,,,,,,,,,,,,,,,,,,,,,,,,,,,,,,,,,,,,,,,,,,,,,,,,,,,,,,,,,,,,,,,,,,,,,,,,,,,,,,,,,,,
KR2022289TYJJZH,2022-10-16,"Dongjin Semichem Co., Ltd.","644, Baekbeom-Ro, Seo-Gu, Incheon, Korea",KR,"Korea, Republic of",37.4789831,126.685117,Electronics,A Brand / Retailer|Samsung [Public List] (Samsung 2021 Facility List),,"Dongjin Semichem Co., Ltd.",,,,,False,,,,,,,,,,,,,,,,,,,,,,,,,,,,,,,,,,,,,,,,,,,,,,,,,,,,,,,,,,,,,,,,,,,,,,,,,,,,,,,,,,,,,,,,,,,,,,,,,,,,,,,,,,,,,,,,,,,,,,,,,,,,,,,,,,
KR2022289YDPF6C,2022-10-16,Praxair Technology Inc.,"512, Teheran-Ro, Kangnam-Gu, Seoul, Korea",KR,"Korea, Republic of",37.5072073,127.0592352,Electronics,A Brand / Retailer|Samsung [Public List] (Samsung 2021 Facility List),,Praxair Technology Inc.,,,,,False,,,,,,,,,,,,,,,,,,,,,,,,,,,,,,,,,,,,,,,,,,,,,,,,,,,,,,,,,,,,,,,,,,,,,,,,,,,,,,,,,,,,,,,,,,,,,,,,,,,,,,,,,,,,,,,,,,,,,,,,,,,,,,,,,,
KR2022289YK449R,2022-10-16,Kyocera Corp.,"13F Kamco Yangjae Tower, 262 Kangnamdae-Ro, Kangnam-Gu, Seoul, Korea",KR,"Korea, Republic of",37.482617,127.035659,Electronics,A Brand / Retailer|Samsung [Public List] (Samsung 2021 Facility List),,Kyocera Corp.,,,,,False,,,,,,,,,,,,,,,,,,,,,,,,,,,,,,,,,,,,,,,,,,,,,,,,,,,,,,,,,,,,,,,,,,,,,,,,,,,,,,,,,,,,,,,,,,,,,,,,,,,,,,,,,,,,,,,,,,,,,,,,,,,,,,,,,,
KR2022289YKB85Z,2022-10-16,"HB Technology Co., Ltd.","87, Sandongro, Eumbong-Myeon, Asan-Si, Chungcheongnam-Do, Korea",KR,"Korea, Republic of",36.8376676,127.0951758,Electronics,A Brand / Retailer|Samsung [Public List] (Samsung 2021 Facility List),,"HB Technology Co., Ltd.",,,,,False,,,,,,,,,,,,,,,,,,,,,,,,,,,,,,,,,,,,,,,,,,,,,,,,,,,,,,,,,,,,,,,,,,,,,,,,,,,,,,,,,,,,,,,,,,,,,,,,,,,,,,,,,,,,,,,,,,,,,,,,,,,,,,,,,,
KR2022289YS5Z8S,2022-10-16,"Soulbrain Co.,Ltd.","34, Pangyo-Ro 255 Beon-Gil, Bundang-Gu, Seongnam-Si, Gyeonggi-Do, Korea",KR,"Korea, Republic of",37.4041934,127.1025403,Electronics,A Brand / Retailer|Samsung [Public List] (Samsung 2021 Facility List),,"Soulbrain Co.,Ltd.",,,,,False,,,,,,,,,,,,,,,,,,,,,,,,,,,,,,,,,,,,,,,,,,,,,,,,,,,,,,,,,,,,,,,,,,,,,,,,,,,,,,,,,,,,,,,,,,,,,,,,,,,,,,,,,,,,,,,,,,,,,,,,,,,,,,,,,,
KR2022289YYND0M,2022-10-16,"Daeduck Electronics Co.,Ltd.","335, Somanggongwon-Ro, Gyeonggi-Do, Korea",KR,"Korea, Republic of",37.3279718,126.7335536,Electronics,A Brand / Retailer|Samsung [Public List] (Samsung 2021 Facility List),,"Daeduck Electronics Co.,Ltd.",,,,,False,,,,,,,,,,,,,,,,,,,,,,,,,,,,,,,,,,,,,,,,,,,,,,,,,,,,,,,,,,,,,,,,,,,,,,,,,,,,,,,,,,,,,,,,,,,,,,,,,,,,,,,,,,,,,,,,,,,,,,,,,,,,,,,,,,
KR2022289YZAJBT,2022-10-16,ASM International N.V.,"136, Jiksan-Ro, Jiksan-Eup, Seobuk-Gu, Cheonan-Si, Chungcheongnam-Do, Korea",KR,"Korea, Republic of",36.8852788,127.1588242,Electronics,A Brand / Retailer|Samsung [Public List] (Samsung 2021 Facility List),,ASM International N.V.,,,,,False,,,,,,,,,,,,,,,,,,,,,,,,,,,,,,,,,,,,,,,,,,,,,,,,,,,,,,,,,,,,,,,,,,,,,,,,,,,,,,,,,,,,,,,,,,,,,,,,,,,,,,,,,,,,,,,,,,,,,,,,,,,,,,,,,,
MX20222896TWC6C,2022-10-16,Dr Enc SA de CV,"Manufacturas 622 Santa Rosa Jauregui Queretaro, Mexico",MX,Mexico,20.7414547,-100.447453,Electronics,Samsung [Public List] (Samsung 2021 Facility List)|A Brand / Retailer,,Dr Enc SA de CV,,,,,False,,,,,,,,,,,,,,,,,,,,,,,,,,,,,,,,,,,,,,,,,,,,,,,,,,,,,,,,,,,,,,,,,,,,,,,,,,,,,,,,,,,,,,,,,,,,,,,,,,,,,,,,,,,,,,,,,,,,,,,,,,,,,,,,,,
MX2022289RZ1PQ3,2022-10-16,"Kirin Precision Co., Ltd.","Av.Benito Juarez 131-5 Parque Industrial Queretaro, Santa Rosa Jauregui, Qro., Mexico",MX,Mexico,20.8230096,-100.4443483,Electronics,A Brand / Retailer|Samsung [Public List] (Samsung 2021 Facility List),,"Kirin Precision Co., Ltd.",,,,,False,,,,,,,,,,,,,,,,,,,,,,,,,,,,,,,,,,,,,,,,,,,,,,,,,,,,,,,,,,,,,,,,,,,,,,,,,,,,,,,,,,,,,,,,,,,,,,,,,,,,,,,,,,,,,,,,,,,,,,,,,,,,,,,,,,
MY20222890NZ951,2022-10-16,"Elentec co., Ltd.","Lot 2247 Jalan Rajawali, Mukim Teluk Panglima Garang, Selangor Darul Ehsan, Malaysia",MY,Malaysia,2.927282,101.48725,Electronics,A Brand / Retailer|Samsung [Public List] (Samsung 2021 Facility List),,"Elentec co., Ltd.",,,,,False,,,,,,,,,,,,,,,,,,,,,,,,,,,,,,,,,,,,,,,,,,,,,,,,,,,,,,,,,,,,,,,,,,,,,,,,,,,,,,,,,,,,,,,,,,,,,,,,,,,,,,,,,,,,,,,,,,,,,,,,,,,,,,,,,,
NL2022289HFRDYP,2022-10-16,NXP Semiconductors N.V.,"NXP Semiconductors Netherlands B.V. High Tech Campus 60, Eindhoven The Netherlands",NL,Netherlands,51.4088012,5.4605356,Electronics,A Brand / Retailer|Samsung [Public List] (Samsung 2021 Facility List),,NXP Semiconductors N.V.,,,,,False,,,,,,,,,,,,,,,,,,,,,,,,,,,,,,,,,,,,,,,,,,,,,,,,,,,,,,,,,,,,,,,,,,,,,,,,,,,,,,,,,,,,,,,,,,,,,,,,,,,,,,,,,,,,,,,,,,,,,,,,,,,,,,,,,,
PH2022289SQW58A,2022-10-16,"Samsung Electro-Mechanics Co., Ltd.","Semphil., Chip Block 5, Barrio, Batino, Calamba, Laguna, Philippines",PH,Philippines,14.1988592,121.1344616,Electronics,A Brand / Retailer|Samsung [Public List] (Samsung 2021 Facility List),,"Samsung Electro-Mechanics Co., Ltd.",,,,,False,,,,,,,,,,,,,,,,,,,,,,,,,,,,,,,,,,,,,,,,,,,,,,,,,,,,,,,,,,,,,,,,,,,,,,,,,,,,,,,,,,,,,,,,,,,,,,,,,,,,,,,,,,,,,,,,,,,,,,,,,,,,,,,,,,
SG202228904GF1Q,2022-10-16,Toshiba Corp.,"20 Pasir Panjang Road #12-25/28 Mapletree Business City, Singapore",SG,Singapore,1.2750973,103.7991387,Electronics,A Brand / Retailer|Samsung [Public List] (Samsung 2021 Facility List),,Toshiba Corp.,,,,,False,,,,,,,,,,,,,,,,,,,,,,,,,,,,,,,,,,,,,,,,,,,,,,,,,,,,,,,,,,,,,,,,,,,,,,,,,,,,,,,,,,,,,,,,,,,,,,,,,,,,,,,,,,,,,,,,,,,,,,,,,,,,,,,,,,
SG202228940VR9K,2022-10-16,Qorvo Inc.,"1 Changi Business Park Avenue1, #04, Singapore",SG,Singapore,1.3366252,103.9636648,Electronics,A Brand / Retailer|Samsung [Public List] (Samsung 2021 Facility List),,Qorvo Inc.,,,,,False,,,,,,,,,,,,,,,,,,,,,,,,,,,,,,,,,,,,,,,,,,,,,,,,,,,,,,,,,,,,,,,,,,,,,,,,,,,,,,,,,,,,,,,,,,,,,,,,,,,,,,,,,,,,,,,,,,,,,,,,,,,,,,,,,,
SG2022289EFH359,2022-10-16,"Taiyo Yuden Co., Ltd.","3 International Business Park Nordic European Centre #06-28, Singapore",SG,Singapore,1.3272498,103.7484749,Electronics,A Brand / Retailer|Samsung [Public List] (Samsung 2021 Facility List),,"Taiyo Yuden Co., Ltd.",,,,,False,,,,,,,,,,,,,,,,,,,,,,,,,,,,,,,,,,,,,,,,,,,,,,,,,,,,,,,,,,,,,,,,,,,,,,,,,,,,,,,,,,,,,,,,,,,,,,,,,,,,,,,,,,,,,,,,,,,,,,,,,,,,,,,,,,
SG2022289G5DRGX,2022-10-16,Entegris Inc.,"31 Kaki Bukit Road 3, 06-08/11 Tech Link, Singapore",SG,Singapore,1.3357041,103.9055177,Electronics,A Brand / Retailer|Samsung [Public List] (Samsung 2021 Facility List),,Entegris Inc.,,,,,False,,,,,,,,,,,,,,,,,,,,,,,,,,,,,,,,,,,,,,,,,,,,,,,,,,,,,,,,,,,,,,,,,,,,,,,,,,,,,,,,,,,,,,,,,,,,,,,,,,,,,,,,,,,,,,,,,,,,,,,,,,,,,,,,,,
SG2022289P39QBQ,2022-10-16,Siltronic Corp.,"12 Tampines Industrial Ave 5, Singapore",SG,Singapore,1.3760225,103.9221934,Electronics,A Brand / Retailer|Samsung [Public List] (Samsung 2021 Facility List),,Siltronic Corp.,,,,,False,,,,,,,,,,,,,,,,,,,,,,,,,,,,,,,,,,,,,,,,,,,,,,,,,,,,,,,,,,,,,,,,,,,,,,,,,,,,,,,,,,,,,,,,,,,,,,,,,,,,,,,,,,,,,,,,,,,,,,,,,,,,,,,,,,
SG2022289R0YN42,2022-10-16,STMicroelectronics N.V.,"5A Serangoon North Avenue 5, Singapore",SG,Singapore,1.3748063,103.8679141,Electronics,A Brand / Retailer|Samsung [Public List] (Samsung 2021 Facility List),,STMicroelectronics N.V.,,,,,False,,,,,,,,,,,,,,,,,,,,,,,,,,,,,,,,,,,,,,,,,,,,,,,,,,,,,,,,,,,,,,,,,,,,,,,,,,,,,,,,,,,,,,,,,,,,,,,,,,,,,,,,,,,,,,,,,,,,,,,,,,,,,,,,,,
SG2022289TBSDFD,2022-10-16,"Murata Manufacturing Co., Ltd.","200 Yishun Ave 7, Singapore",SG,Singapore,1.4393237,103.8334004,Electronics,A Brand / Retailer|Samsung [Public List] (Samsung 2021 Facility List),,"Murata Manufacturing Co., Ltd.",,,,,False,,,,,,,,,,,,,,,,,,,,,,,,,,,,,,,,,,,,,,,,,,,,,,,,,,,,,,,,,,,,,,,,,,,,,,,,,,,,,,,,,,,,,,,,,,,,,,,,,,,,,,,,,,,,,,,,,,,,,,,,,,,,,,,,,,
SG2022289TZ1SCJ,2022-10-16,Applied Materials Inc.,"8 Upper Changi North Road, 506906, Singapore",SG,Singapore,1.3523361,103.9653422,Electronics,A Brand / Retailer|Samsung [Public List] (Samsung 2021 Facility List),,Applied Materials Inc.,,,,,False,,,,,,,,,,,,,,,,,,,,,,,,,,,,,,,,,,,,,,,,,,,,,,,,,,,,,,,,,,,,,,,,,,,,,,,,,,,,,,,,,,,,,,,,,,,,,,,,,,,,,,,,,,,,,,,,,,,,,,,,,,,,,,,,,,
SG2022289Y8BPNF,2022-10-16,TDK Corp.,"11 North Buona Vista Drive #13-08 The Metropolis Tower 2, Singapore",SG,Singapore,1.3055213,103.7919194,Electronics,A Brand / Retailer|Samsung [Public List] (Samsung 2021 Facility List),,TDK Corp.,,,,,False,,,,,,,,,,,,,,,,,,,,,,,,,,,,,,,,,,,,,,,,,,,,,,,,,,,,,,,,,,,,,,,,,,,,,,,,,,,,,,,,,,,,,,,,,,,,,,,,,,,,,,,,,,,,,,,,,,,,,,,,,,,,,,,,,,
SG2022289Z35BPV,2022-10-16,Avago Technologies Ltd.,"No.1, Yishun Avenue 7, Singapore",SG,Singapore,1.4401573,103.841009,Electronics,A Brand / Retailer|Samsung [Public List] (Samsung 2021 Facility List),,Avago Technologies Ltd.,,,,,False,,,,,,,,,,,,,,,,,,,,,,,,,,,,,,,,,,,,,,,,,,,,,,,,,,,,,,,,,,,,,,,,,,,,,,,,,,,,,,,,,,,,,,,,,,,,,,,,,,,,,,,,,,,,,,,,,,,,,,,,,,,,,,,,,,
TH20222898JQ48J,2022-10-16,"New Motech Co., Ltd.","7/156 Moo 4 T. Mabyangporn A. Pluakda Eng, Rayong, Thailand",TH,Thailand,12.6822636,101.2844288,Electronics,A Brand / Retailer|Samsung [Public List] (Samsung 2021 Facility List),,"New Motech Co., Ltd.",,,,,False,,,,,,,,,,,,,,,,,,,,,,,,,,,,,,,,,,,,,,,,,,,,,,,,,,,,,,,,,,,,,,,,,,,,,,,,,,,,,,,,,,,,,,,,,,,,,,,,,,,,,,,,,,,,,,,,,,,,,,,,,,,,,,,,,,
TW20222891Y2DBX,2022-10-16,"Taiwan PCB Techvest Co., Ltd.","No.12, Kung Yeh 2nd Road, Pin Chen, Taoyuan Hsien, Taiwan",TW,Taiwan,24.9917033,121.2989587,Electronics,A Brand / Retailer|Samsung [Public List] (Samsung 2021 Facility List),,"Taiwan PCB Techvest Co., Ltd.",,,,,False,,,,,,,,,,,,,,,,,,,,,,,,,,,,,,,,,,,,,,,,,,,,,,,,,,,,,,,,,,,,,,,,,,,,,,,,,,,,,,,,,,,,,,,,,,,,,,,,,,,,,,,,,,,,,,,,,,,,,,,,,,,,,,,,,,
TW20222892FW4RD,2022-10-16,AU Optronics Corp.,"5 Li-Hsin Road.6, Science-Based Industrial Park, Hsinchu, Taiwan",TW,Taiwan,24.7714098,121.017054,Electronics,A Brand / Retailer|Samsung [Public List] (Samsung 2021 Facility List),,AU Optronics Corp.,,,,,False,,,,,,,,,,,,,,,,,,,,,,,,,,,,,,,,,,,,,,,,,,,,,,,,,,,,,,,,,,,,,,,,,,,,,,,,,,,,,,,,,,,,,,,,,,,,,,,,,,,,,,,,,,,,,,,,,,,,,,,,,,,,,,,,,,
TW20222898HWPFY,2022-10-16,The Dow Chemical Company,"4F No.6, Lane 280, Zhongshan North Road, Taiwan",TW,Taiwan,23.69781,120.960515,Electronics,A Brand / Retailer|Samsung [Public List] (Samsung 2021 Facility List),,The Dow Chemical Company,,,,,False,,,,,,,,,,,,,,,,,,,,,,,,,,,,,,,,,,,,,,,,,,,,,,,,,,,,,,,,,,,,,,,,,,,,,,,,,,,,,,,,,,,,,,,,,,,,,,,,,,,,,,,,,,,,,,,,,,,,,,,,,,,,,,,,,,
TW2022289KK9HBF,2022-10-16,Coretronic Corp.,"No.2-1, Nanke 6th Road, Tainan Science-Based Industrial Park, Tainan County, Taiwan",TW,Taiwan,23.1060458,120.2817529,Electronics,"A Brand / Retailer|Samsung [Public List] (Samsung 2021 Facility List)|Amazon.com, Inc. (Amazon Facility List 2022)|Amazon.com, Inc. (Amazon Facility List 2023)",101-500,Coretronic Corp.,,,,,False,,,,,,,,,,,,,,,,,,,,,,,,,,,,,,,,,,,,,,,,,,,,,,,,,,,,,,,,,,,,,,,,,,,,,,,,,,,,,,,,,,,,,,,,,,,,,,,,,,,,,,,,,,,,,,,,,,,,,,,,,,,,,,,,,,
TW2022289T4P5TQ,2022-10-16,AU Optronics Corp.,"1 Li-Hsin Road.2, Science-Based Industrial Park, Hsinchu, Taiwan",TW,Taiwan,24.7730783,121.019083,Electronics,A Brand / Retailer|Samsung [Public List] (Samsung 2021 Facility List),,AU Optronics Corp.,,,,,False,,,,,,,,,,,,,,,,,,,,,,,,,,,,,,,,,,,,,,,,,,,,,,,,,,,,,,,,,,,,,,,,,,,,,,,,,,,,,,,,,,,,,,,,,,,,,,,,,,,,,,,,,,,,,,,,,,,,,,,,,,,,,,,,,,
TW2022289V5SPH4,2022-10-16,MediaTek Inc.,"No.1, Dusing 1st Road., Hsinchu Science Park, Hsinchu City, Taiwan",TW,Taiwan,24.7823005,121.0062859,Electronics,"A Brand / Retailer|Amazon.com, Inc. (Amazon Facility List 2026)|Amazon.com, Inc. (Amazon Facility List 2024)|A Brand / Retailer|Samsung [Public List] (Samsung 2021 Facility List)|Amazon.com, Inc. (Amazon Facility List 2022)|Amazon.com, Inc. (Amazon Facility List 2023)",0,MediaTek Inc.,Finished goods,,Finished goods|Finished goods,,False,,,,,,,,,,,,,,,,,,,,,,,,,,,,,,,,,,,,,,,,,,,,,,,,,,,,,,,,,,,,,,,,,,,,,,,,,,,,,,,,,,,,,,,,,,,,,,,,,,,,,,,,,,,,,,,,,,,,,,,,,,,,,,,,,,
TW2022289VF34K8,2022-10-16,Innolux Corp.,"No.160 Kesyue Rd., Chu-Nan Site, Hsinchu Science Park, Chu-Nan, Miao-Li, Taiwan",TW,Taiwan,24.7823005,121.0062859,Electronics,"A Brand / Retailer|Amazon.com, Inc. (Amazon Facility List 2026)|Amazon.com, Inc. (Amazon Facility List 2024)|A Brand / Retailer|Samsung [Public List] (Samsung 2021 Facility List)|Amazon.com, Inc. (Amazon Facility List 2023)",501-1000|813,Innolux Corp.,Finished goods,,Finished goods|Finished goods,,False,,,,,,,,,,,,,,,,,,,,,,,,,,,,,,,,,,,,,,,,,,,,,,,,,,,,,,,,,,,,,,,,,,,,,,,,,,,,,,,,,,,,,,,,,,,,,,,,,,,,,,,,,,,,,,,,,,,,,,,,,,,,,,,,,,
US202228913DJJP,2022-10-16,Air Products and Chemicals Inc.,"7201 Hamilton Boulevard, Allentown, PA, United States",US,United States,40.5525025,-75.59871179999999,Electronics,A Brand / Retailer|Samsung [Public List] (Samsung 2021 Facility List),,Air Products and Chemicals Inc.,,,,,False,,,,,,,,,,,,,,,,,,,,,,,,,,,,,,,,,,,,,,,,,,,,,,,,,,,,,,,,,,,,,,,,,,,,,,,,,,,,,,,,,,,,,,,,,,,,,,,,,,,,,,,,,,,,,,,,,,,,,,,,,,,,,,,,https://livingwage.mit.edu/counties/42077,View local living wage,
US20222891RS1QB,2024-07-30,MICRON TECHNOLOGY INC,"8000 S FEDERAL WAY, BOISE IDAHO 83716 (ADA)",US,United States,43.527,-116.145,Chemicals|Commodities|Electronics|Waste Management,US Environmental Protection Agency (EPA) [Public List] (Toxics Release Inventory (TRI) Program (2021) Production Locations - 2)|A Brand / Retailer|Samsung [Public List] (Samsung 2021 Facility List),,Micron Technology Inc.,On-site Chemical Disposal | Off-site Chemical Disposal,,Onsite Chemical Disposal|Offsite Chemical Disposal,,False,,,,,,,,,,,,,,,,,,,,,,,,,,,,,,,,,,,,,,,,,,,,,,,,,,,,,,,,,,,,,,,,,,,,,,,,,,,,,,,,,,,,,,,,,,,,,,,,,,,,,,,,,,,,,,,,,,,,,,,,,,,,,,,,https://livingwage.mit.edu/counties/16001,View local living wage,
US202228937DQAS,2022-10-16,KLA-Tencor Corp.,"1 Technology Drive. Milpitas, CA, United States",US,United States,37.4214049,-121.9240222,Electronics,A Brand / Retailer|Samsung [Public List] (Samsung 2021 Facility List),,KLA-Tencor Corp.,,,,,False,,,,,,,,,,,,,,,,,,,,,,,,,,,,,,,,,,,,,,,,,,,,,,,,,,,,,,,,,,,,,,,,,,,,,,,,,,,,,,,,,,,,,,,,,,,,,,,,,,,,,,,,,,,,,,,,,,,,,,,,,,,,,,,,https://livingwage.mit.edu/counties/06085,View local living wage,
US202228947RZNR,2022-10-16,"Daifuku Co., Ltd.","7406 West Detroit Street, Chandler, AZ, United States",US,United States,33.308621,-111.9710295,Electronics,A Brand / Retailer|Samsung [Public List] (Samsung 2021 Facility List),,"Daifuku Co., Ltd.",,,,,False,,,,,,,,,,,,,,,,,,,,,,,,,,,,,,,,,,,,,,,,,,,,,,,,,,,,,,,,,,,,,,,,,,,,,,,,,,,,,,,,,,,,,,,,,,,,,,,,,,,,,,,,,,,,,,,,,,,,,,,,,,,,,,,,https://livingwage.mit.edu/counties/04013,View local living wage,
US202228971WF3Q,2022-10-16,Taiyo Nippon Sanso Corp.,"150 Allen Road Basking Ridge, NJ, United States",US,United States,40.6475403,-74.5890737,Electronics,A Brand / Retailer|Samsung [Public List] (Samsung 2021 Facility List),,Taiyo Nippon Sanso Corp.,,,,,False,,,,,,,,,,,,,,,,,,,,,,,,,,,,,,,,,,,,,,,,,,,,,,,,,,,,,,,,,,,,,,,,,,,,,,,,,,,,,,,,,,,,,,,,,,,,,,,,,,,,,,,,,,,,,,,,,,,,,,,,,,,,,,,,https://livingwage.mit.edu/counties/34035,View local living wage,
US20222897QZ0SQ,2022-10-16,"Murata Manufacturing Co., Ltd.","20 Fairbanks, Suite 187 Irvine, CA, United States",US,United States,33.6612361,-117.7071673,Electronics,A Brand / Retailer|Samsung [Public List] (Samsung 2021 Facility List),,"Murata Manufacturing Co., Ltd.",,,,,False,,,,,,,,,,,,,,,,,,,,,,,,,,,,,,,,,,,,,,,,,,,,,,,,,,,,,,,,,,,,,,,,,,,,,,,,,,,,,,,,,,,,,,,,,,,,,,,,,,,,,,,,,,,,,,,,,,,,,,,,,,,,,,,,https://livingwage.mit.edu/counties/06059,View local living wage,
US20222898M7NG9,2022-10-16,Hitachi Ltd.,"2460 North First Street, Suite 290, San Jose, CA, United States",US,United States,37.382609,-121.9240572,Electronics,A Brand / Retailer|Samsung [Public List] (Samsung 2021 Facility List),,Hitachi Ltd.,,,,,False,,,,,,,,,,,,,,,,,,,,,,,,,,,,,,,,,,,,,,,,,,,,,,,,,,,,,,,,,,,,,,,,,,,,,,,,,,,,,,,,,,,,,,,,,,,,,,,,,,,,,,,,,,,,,,,,,,,,,,,,,,,,,,,,https://livingwage.mit.edu/counties/06085,View local living wage,
US20222899JQ6F8,2022-10-16,The Dow Chemical Company,"451 Bellevue Road, Newark, DE, United States",US,United States,39.6489685,-75.736513,Electronics,A Brand / Retailer|Samsung [Public List] (Samsung 2021 Facility List),,The Dow Chemical Company,,,,,False,,,,,,,,,,,,,,,,,,,,,,,,,,,,,,,,,,,,,,,,,,,,,,,,,,,,,,,,,,,,,,,,,,,,,,,,,,,,,,,,,,,,,,,,,,,,,,,,,,,,,,,,,,,,,,,,,,,,,,,,,,,,,,,,https://livingwage.mit.edu/counties/10003,View local living wage,
US2022289D5VPZ3,2022-10-16,Corning Inc.,"One Riverfront Plaza Corning, NY, United States",US,United States,42.144553,-77.0558545,Electronics,A Brand / Retailer|Samsung [Public List] (Samsung 2021 Facility List),,Corning Inc.,,,,,False,,,,,,,,,,,,,,,,,,,,,,,,,,,,,,,,,,,,,,,,,,,,,,,,,,,,,,,,,,,,,,,,,,,,,,,,,,,,,,,,,,,,,,,,,,,,,,,,,,,,,,,,,,,,,,,,,,,,,,,,,,,,,,,,https://livingwage.mit.edu/counties/36101,View local living wage,
US2022289F6ZKZ7,2022-10-16,Maxim Integrated Products Inc.,"160 Rio Robles Drive, San Jose, CA, United States",US,United States,37.4054899,-121.9499774,Electronics,A Brand / Retailer|Samsung [Public List] (Samsung 2021 Facility List)|Apple [Public List] (Apple 2019 Facility List),,Maxim Integrated Products Inc.,,,,,False,,,,,,,,,,,,,,,,,,,,,,,,,,,,,,,,,,,,,,,,,,,,,,,,,,,,,,,,,,,,,,,,,,,,,,,,,,,,,,,,,,,,,,,,,,,,,,,,,,,,,,,,,,,,,,,,,,,,,,,,,,,,,,,,https://livingwage.mit.edu/counties/06085,View local living wage,
US2022289GDH53Q,2022-10-16,Applied Materials Inc.,"3050 Bowers Avenul, Santa Clara, CA, United States",US,United States,37.3776247,-121.9787818,Commodities|Electronic Product Manufacturing|Electronics|Energy|Metal Manufacturing|Mining|Renewable Energy,A Brand / Retailer|Samsung [Public List] (Samsung 2021 Facility List)|A Civil Society Organization|National Renewable Energy Lab (NREL) [Public List] (NAATBatt Lithium-Ion Battery Supply Chain Database (Battery Grade Materials) Production Location List February 2024),,Applied Materials Inc.|Applied Materials,Anode Battery Grade Materials,,Anode Battery Grade Materials,| Advanced Battery Industry | Energy Storage | Batteries |Renewables | Minerals ,False,,,,,,,,,,,,,,,,,,,,,,,,,,,,,,,,,,,,,,,,,,,,,,,,,,,,,,,,,,,,,,,,,,,,,,,,,,,,,,,,,,,,,,,,,,,,,,,,,,,,,,,,,,,,,,,,,,,,,,,,,,,,,,,,https://livingwage.mit.edu/counties/06085,View local living wage,
US2022289JDB9TE,2022-10-16,Sumco Corp.,"19801 N. Tatum Blvd Phoenix, AZ, United States",US,United States,33.6648433,-111.9741402,Electronics,A Brand / Retailer|Samsung [Public List] (Samsung 2021 Facility List),,Sumco Corp.,,,,,False,,,,,,,,,,,,,,,,,,,,,,,,,,,,,,,,,,,,,,,,,,,,,,,,,,,,,,,,,,,,,,,,,,,,,,,,,,,,,,,,,,,,,,,,,,,,,,,,,,,,,,,,,,,,,,,,,,,,,,,,,,,,,,,,https://livingwage.mit.edu/counties/04013,View local living wage,
US2022289JPSW1Z,2022-10-16,"Taiyo Yuden Co., Ltd.","440 Stevens Ave., Suite 300 Solana, San Diego, CA, United States",US,United States,32.9924592,-117.2609549,Electronics,A Brand / Retailer|Samsung [Public List] (Samsung 2021 Facility List),,"Taiyo Yuden Co., Ltd.",,,,,False,,,,,,,,,,,,,,,,,,,,,,,,,,,,,,,,,,,,,,,,,,,,,,,,,,,,,,,,,,,,,,,,,,,,,,,,,,,,,,,,,,,,,,,,,,,,,,,,,,,,,,,,,,,,,,,,,,,,,,,,,,,,,,,,https://livingwage.mit.edu/counties/06073,View local living wage,
US2022289KBZCR2,2022-10-16,ASM Lithography Inc.,"2650 W. Geronimo Place Chandler, AZ, United States",US,United States,33.2941857,-111.8867615,Electronics,A Brand / Retailer|Samsung [Public List] (Samsung 2021 Facility List),,ASM Lithography Inc.,,,,,False,,,,,,,,,,,,,,,,,,,,,,,,,,,,,,,,,,,,,,,,,,,,,,,,,,,,,,,,,,,,,,,,,,,,,,,,,,,,,,,,,,,,,,,,,,,,,,,,,,,,,,,,,,,,,,,,,,,,,,,,,,,,,,,,https://livingwage.mit.edu/counties/04013,View local living wage,
US2022289KHYWYX,2022-10-16,Synaptics Inc.,"1251 Mckay Dr. San Jose, CA, United States",US,United States,37.3916454,-121.8908582,Electronics,A Brand / Retailer|Samsung [Public List] (Samsung 2021 Facility List),,Synaptics Inc.,,,,,False,,,,,,,,,,,,,,,,,,,,,,,,,,,,,,,,,,,,,,,,,,,,,,,,,,,,,,,,,,,,,,,,,,,,,,,,,,,,,,,,,,,,,,,,,,,,,,,,,,,,,,,,,,,,,,,,,,,,,,,,,,,,,,,,https://livingwage.mit.edu/counties/06085,View local living wage,
US2022289MPQCJ0,2022-10-16,Hitachi Ltd.,"2150 N. 1st Street, Ste. 350, San Jose, CA, United States",US,United States,37.3772455,-121.9202748,Electronics,A Brand / Retailer|Samsung [Public List] (Samsung 2021 Facility List),,Hitachi Ltd.,,,,,False,,,,,,,,,,,,,,,,,,,,,,,,,,,,,,,,,,,,,,,,,,,,,,,,,,,,,,,,,,,,,,,,,,,,,,,,,,,,,,,,,,,,,,,,,,,,,,,,,,,,,,,,,,,,,,,,,,,,,,,,,,,,,,,,https://livingwage.mit.edu/counties/06085,View local living wage,
US2022289MYFGM6,2022-10-16,The Dow Chemical Company,"PO Box 60896, Charlotte, NC, United States",US,United States,35.2270869,-80.8431267,Electronics,A Brand / Retailer|Samsung [Public List] (Samsung 2021 Facility List),,The Dow Chemical Company,,,,,False,,,,,,,,,,,,,,,,,,,,,,,,,,,,,,,,,,,,,,,,,,,,,,,,,,,,,,,,,,,,,,,,,,,,,,,,,,,,,,,,,,,,,,,,,,,,,,,,,,,,,,,,,,,,,,,,,,,,,,,,,,,,,,,,https://livingwage.mit.edu/counties/37119,View local living wage,
US2022289NQDS8V,2022-10-16,Entegris Inc.,"129 Concord Road, Billerica, MA, United States",US,United States,42.5498398,-71.28367420000001,Electronics,A Brand / Retailer|Samsung [Public List] (Samsung 2021 Facility List),,Entegris Inc.,,,,,False,,,,,,,,,,,,,,,,,,,,,,,,,,,,,,,,,,,,,,,,,,,,,,,,,,,,,,,,,,,,,,,,,,,,,,,,,,,,,,,,,,,,,,,,,,,,,,,,,,,,,,,,,,,,,,,,,,,,,,,,,,,,,,,,https://livingwage.mit.edu/counties/25017,View local living wage,
US2022289RTWH88,2022-10-16,ASM International N.V.,"3440 E University Phoenix Drive, Phoenix, AZ, United States",US,United States,33.418161,-112.0068367,Electronics,A Brand / Retailer|Samsung [Public List] (Samsung 2021 Facility List),,ASM International N.V.,,,,,False,,,,,,,,,,,,,,,,,,,,,,,,,,,,,,,,,,,,,,,,,,,,,,,,,,,,,,,,,,,,,,,,,,,,,,,,,,,,,,,,,,,,,,,,,,,,,,,,,,,,,,,,,,,,,,,,,,,,,,,,,,,,,,,,https://livingwage.mit.edu/counties/04013,View local living wage,
US2022289S6Y2DD,2022-10-16,Canon Inc.,"One Canon Park, Melville, NY, United States",US,United States,40.7782082,-73.4263682,Electronics,A Brand / Retailer|Samsung [Public List] (Samsung 2021 Facility List),,Canon Inc.,,,,,False,,,,,,,,,,,,,,,,,,,,,,,,,,,,,,,,,,,,,,,,,,,,,,,,,,,,,,,,,,,,,,,,,,,,,,,,,,,,,,,,,,,,,,,,,,,,,,,,,,,,,,,,,,,,,,,,,,,,,,,,,,,,,,,,https://livingwage.mit.edu/counties/36103,View local living wage,
US2022289T67ADZ,2022-10-16,Versum Materials Inc.,"7201 Hamilton Blvd, Allentown, PA, United States",US,United States,40.5525025,-75.59871179999999,Electronics,A Brand / Retailer|Samsung [Public List] (Samsung 2021 Facility List),,Versum Materials Inc.,,,,,False,,,,,,,,,,,,,,,,,,,,,,,,,,,,,,,,,,,,,,,,,,,,,,,,,,,,,,,,,,,,,,,,,,,,,,,,,,,,,,,,,,,,,,,,,,,,,,,,,,,,,,,,,,,,,,,,,,,,,,,,,,,,,,,,https://livingwage.mit.edu/counties/42077,View local living wage,
US2022289TKF0RN,2022-10-16,Tokyo Electron Ltd.,"2400 Grove Blvd, Austin, TX, United States",US,United States,30.221549,-97.7101035,Electronics,A Brand / Retailer|Samsung [Public List] (Samsung 2021 Facility List),,Tokyo Electron Ltd.,,,,,False,,,,,,,,,,,,,,,,,,,,,,,,,,,,,,,,,,,,,,,,,,,,,,,,,,,,,,,,,,,,,,,,,,,,,,,,,,,,,,,,,,,,,,,,,,,,,,,,,,,,,,,,,,,,,,,,,,,,,,,,,,,,,,,,https://livingwage.mit.edu/counties/48453,View local living wage,
US2022289WDJFMZ,2022-10-16,Lam Research Corp.,"4650 Cushing Parkway. Fremont, CA, United States",US,United States,37.488472,-121.9574428,Electronics,A Brand / Retailer|Samsung [Public List] (Samsung 2021 Facility List),,Lam Research Corp.,,,,,False,,,,,,,,,,,,,,,,,,,,,,,,,,,,,,,,,,,,,,,,,,,,,,,,,,,,,,,,,,,,,,,,,,,,,,,,,,,,,,,,,,,,,,,,,,,,,,,,,,,,,,,,,,,,,,,,,,,,,,,,,,,,,,,,https://livingwage.mit.edu/counties/06001,View local living wage,
US2022289X8SER5,2022-10-16,"Inzi Display Co.,Ltd.","7880 Airway Road Suite#B6E, San Diego, CA, United States",US,United States,32.5611593,-116.970065,Electronics,A Brand / Retailer|Samsung [Public List] (Samsung 2021 Facility List),,"Inzi Display Co.,Ltd.",,,,,False,,,,,,,,,,,,,,,,,,,,,,,,,,,,,,,,,,,,,,,,,,,,,,,,,,,,,,,,,,,,,,,,,,,,,,,,,,,,,,,,,,,,,,,,,,,,,,,,,,,,,,,,,,,,,,,,,,,,,,,,,,,,,,,,https://livingwage.mit.edu/counties/06073,View local living wage,
US2022289XEQHM8,2022-10-16,Entegris Inc.,"117 Jonathan Blvd, North Chaska, MN, United States",US,United States,44.8483528,-93.59408359999999,Electronics,A Brand / Retailer|Samsung [Public List] (Samsung 2021 Facility List),,Entegris Inc.,,,,,False,,,,,,,,,,,,,,,,,,,,,,,,,,,,,,,,,,,,,,,,,,,,,,,,,,,,,,,,,,,,,,,,,,,,,,,,,,,,,,,,,,,,,,,,,,,,,,,,,,,,,,,,,,,,,,,,,,,,,,,,,,,,,,,,https://livingwage.mit.edu/counties/27019,View local living wage,
US2022289XRF78M,2022-10-16,"Murata Manufacturing Co., Ltd.","9380 Carroll Park Drive San Diego, CA, United States",US,United States,32.8889073,-117.1750938,Electronics,A Brand / Retailer|Samsung [Public List] (Samsung 2021 Facility List),,"Murata Manufacturing Co., Ltd.",,,,,False,,,,,,,,,,,,,,,,,,,,,,,,,,,,,,,,,,,,,,,,,,,,,,,,,,,,,,,,,,,,,,,,,,,,,,,,,,,,,,,,,,,,,,,,,,,,,,,,,,,,,,,,,,,,,,,,,,,,,,,,,,,,,,,,https://livingwage.mit.edu/counties/06073,View local living wage,
US2022289Y36R99,2022-10-16,JX Nippon Mining & Metals Corp.,"125 North Price Road, Chandler, AZ, United States",US,United States,33.3036035,-111.8927234,Electronics,A Brand / Retailer|Samsung [Public List] (Samsung 2021 Facility List),,JX Nippon Mining & Metals Corp.,,,,,False,,,,,,,,,,,,,,,,,,,,,,,,,,,,,,,,,,,,,,,,,,,,,,,,,,,,,,,,,,,,,,,,,,,,,,,,,,,,,,,,,,,,,,,,,,,,,,,,,,,,,,,,,,,,,,,,,,,,,,,,,,,,,,,,https://livingwage.mit.edu/counties/04013,View local living wage,
VN20222890K9351,2022-10-16,"Intops Co., Ltd.","Lot I-10-2, D2 Road, District 9, Ho Chi Minh, Vietnam",VN,Vietnam,10.8428402,106.8286851,Electronics,A Brand / Retailer|Samsung [Public List] (Samsung 2021 Facility List),,"Intops Co., Ltd.",,,,,False,,,,,,,,,,,,,,,,,,,,,,,,,,,,,,,,,,,,,,,,,,,,,,,,,,,,,,,,,,,,,,,,,,,,,,,,,,,,,,,,,,,,,,,,,,,,,,,,,,,,,,,,,,,,,,,,,,,,,,,,,,,,,,,,,,
VN2022289444BRC,2022-10-16,Doosung Tech,"Luong Son Ip, Hoa Son Commune, Luong Son, Hoa Binh, Vietnam",VN,Vietnam,20.9000283,105.5532216,Electronics,Samsung [Public List] (Samsung 2021 Facility List)|A Brand / Retailer,,Doosung Tech,,,,,False,,,,,,,,,,,,,,,,,,,,,,,,,,,,,,,,,,,,,,,,,,,,,,,,,,,,,,,,,,,,,,,,,,,,,,,,,,,,,,,,,,,,,,,,,,,,,,,,,,,,,,,,,,,,,,,,,,,,,,,,,,,,,,,,,,
VN202228964CDCC,2022-10-16,AAC Technologies Holdings Inc.,"Lot K4-2F, Que Vo IP Bac Ninh City, Bac Ninh, Vietnam",VN,Vietnam,21.1377307,106.1816196,Electronics,A Brand / Retailer|Samsung [Public List] (Samsung 2021 Facility List),,AAC Technologies Holdings Inc.,,,,,False,,,,,,,,,,,,,,,,,,,,,,,,,,,,,,,,,,,,,,,,,,,,,,,,,,,,,,,,,,,,,,,,,,,,,,,,,,,,,,,,,,,,,,,,,,,,,,,,,,,,,,,,,,,,,,,,,,,,,,,,,,,,,,,,,,
VN202228989WPXX,2022-10-16,"HNT Electronics Co., Ltd.","Luong Son Industrial Park, Km36, Hoa Son Commune Luong Son, Hoa Binh, Vietnam",VN,Vietnam,20.8822227,105.5484642,Electronics,A Brand / Retailer|Samsung [Public List] (Samsung 2021 Facility List),,"HNT Electronics Co., Ltd.",,,,,False,,,,,,,,,,,,,,,,,,,,,,,,,,,,,,,,,,,,,,,,,,,,,,,,,,,,,,,,,,,,,,,,,,,,,,,,,,,,,,,,,,,,,,,,,,,,,,,,,,,,,,,,,,,,,,,,,,,,,,,,,,,,,,,,,,
VN20222898JDVKJ,2022-10-16,Hosiden Corp.,"Lot 1, Quang Chau Ip, Viet Yen Dicstrict, Bac Giang, Vietnam",VN,Vietnam,21.2161925,106.1049285,Electronics,A Brand / Retailer|Samsung [Public List] (Samsung 2021 Facility List),,Hosiden Corp.,,,,,False,,,,,,,,,,,,,,,,,,,,,,,,,,,,,,,,,,,,,,,,,,,,,,,,,,,,,,,,,,,,,,,,,,,,,,,,,,,,,,,,,,,,,,,,,,,,,,,,,,,,,,,,,,,,,,,,,,,,,,,,,,,,,,,,,,
VN2022289A49EY0,2022-10-16,"EM-Tech Co., Ltd.","Yen Phong Ip Yen Phong District, Bac Ninh, Vietnam",VN,Vietnam,21.2257644,105.9886636,Electronics,A Brand / Retailer|Samsung [Public List] (Samsung 2021 Facility List),,"EM-Tech Co., Ltd.",,,,,False,,,,,,,,,,,,,,,,,,,,,,,,,,,,,,,,,,,,,,,,,,,,,,,,,,,,,,,,,,,,,,,,,,,,,,,,,,,,,,,,,,,,,,,,,,,,,,,,,,,,,,,,,,,,,,,,,,,,,,,,,,,,,,,,,,
VN2022289D9HS2Z,2022-10-16,GoerTek Inc.,"Lot L-06, Que Vo Industrial Park Nam Son Commune, Bac Ninh, Vietnam",VN,Vietnam,21.1383833,106.178796,Electronics,A Brand / Retailer|Samsung [Public List] (Samsung 2021 Facility List),,GoerTek Inc.,,,,,False,,,,,,,,,,,,,,,,,,,,,,,,,,,,,,,,,,,,,,,,,,,,,,,,,,,,,,,,,,,,,,,,,,,,,,,,,,,,,,,,,,,,,,,,,,,,,,,,,,,,,,,,,,,,,,,,,,,,,,,,,,,,,,,,,,
VN2022289DRN52Y,2022-10-16,CammSys Corp.,"Ba Thien Industrial, Ba Hien Commune, Binh Xuyen Distric, Vinh Phuc, Vietnam",VN,Vietnam,21.3141489,105.6962454,Electronics,A Brand / Retailer|Samsung [Public List] (Samsung 2021 Facility List),,CammSys Corp.,,,,,False,,,,,,,,,,,,,,,,,,,,,,,,,,,,,,,,,,,,,,,,,,,,,,,,,,,,,,,,,,,,,,,,,,,,,,,,,,,,,,,,,,,,,,,,,,,,,,,,,,,,,,,,,,,,,,,,,,,,,,,,,,,,,,,,,,
VN2022289GSE00M,2022-10-16,"Intops Co., Ltd.","Yen Phong 1Z., Yen Phong Dist., Bac Ninh, Vietnam",VN,Vietnam,21.202957,105.9581624,Electronics,A Brand / Retailer|Samsung [Public List] (Samsung 2021 Facility List),,"Intops Co., Ltd.",,,,,False,,,,,,,,,,,,,,,,,,,,,,,,,,,,,,,,,,,,,,,,,,,,,,,,,,,,,,,,,,,,,,,,,,,,,,,,,,,,,,,,,,,,,,,,,,,,,,,,,,,,,,,,,,,,,,,,,,,,,,,,,,,,,,,,,,
VN2022289H53VVC,2022-10-16,"SI Flex Co., Ltd.","Lot A, Quang Chau Industrial Park, Viet Yen District, Bac Giang, Vietnam",VN,Vietnam,21.2088664,106.1051705,Electronics,A Brand / Retailer|Samsung [Public List] (Samsung 2021 Facility List),,"SI Flex Co., Ltd.",,,,,False,,,,,,,,,,,,,,,,,,,,,,,,,,,,,,,,,,,,,,,,,,,,,,,,,,,,,,,,,,,,,,,,,,,,,,,,,,,,,,,,,,,,,,,,,,,,,,,,,,,,,,,,,,,,,,,,,,,,,,,,,,,,,,,,,,
VN2022289MZGJYG,2022-10-16,"Powerlogics Co., Ltd.","Khai Quang Industrial Zone, Khai Quang Ward Vinh Yen City, Vinh Phuc, Vietnam",VN,Vietnam,21.3068603,105.618344,Electronics,A Brand / Retailer|Samsung [Public List] (Samsung 2021 Facility List),,"Powerlogics Co., Ltd.",,,,,False,,,,,,,,,,,,,,,,,,,,,,,,,,,,,,,,,,,,,,,,,,,,,,,,,,,,,,,,,,,,,,,,,,,,,,,,,,,,,,,,,,,,,,,,,,,,,,,,,,,,,,,,,,,,,,,,,,,,,,,,,,,,,,,,,,
VN2022289NKDECC,2022-10-16,"Dreamtech Co., Ltd.","No.100, Huu Nghi Road, Vsip Bac Ninh Tu Son Town, Bac Ninh, Vietnam",VN,Vietnam,21.1896157,106.0832431,Electronics,A Brand / Retailer|Samsung [Public List] (Samsung 2021 Facility List),,"Dreamtech Co., Ltd.",,,,,False,,,,,,,,,,,,,,,,,,,,,,,,,,,,,,,,,,,,,,,,,,,,,,,,,,,,,,,,,,,,,,,,,,,,,,,,,,,,,,,,,,,,,,,,,,,,,,,,,,,,,,,,,,,,,,,,,,,,,,,,,,,,,,,,,,
VN2022289P4RNRW,2022-10-16,"Meiko Electronics Co., Ltd.","Lot LD4, Thach That-Quocoai Industrial Zone, Phung Xa Commune, Thach That Dist, Hanoi, Vietnam",VN,Vietnam,21.0146314,105.6207263,Electronics,A Brand / Retailer|Samsung [Public List] (Samsung 2021 Facility List),,"Meiko Electronics Co., Ltd.",,,,,False,,,,,,,,,,,,,,,,,,,,,,,,,,,,,,,,,,,,,,,,,,,,,,,,,,,,,,,,,,,,,,,,,,,,,,,,,,,,,,,,,,,,,,,,,,,,,,,,,,,,,,,,,,,,,,,,,,,,,,,,,,,,,,,,,,
VN2022289PDBV7D,2022-10-16,"Jahwa Electronics Co., Ltd.","Plot 10, Khai Quang Industrial Park , Vinh Yen City, Vinh Phuc, Vietnam",VN,Vietnam,21.3130643,105.6236585,Electronics,A Brand / Retailer|Samsung [Public List] (Samsung 2021 Facility List),,"Jahwa Electronics Co., Ltd.",,,,,False,,,,,,,,,,,,,,,,,,,,,,,,,,,,,,,,,,,,,,,,,,,,,,,,,,,,,,,,,,,,,,,,,,,,,,,,,,,,,,,,,,,,,,,,,,,,,,,,,,,,,,,,,,,,,,,,,,,,,,,,,,,,,,,,,,
VN2022289TEE53V,2022-10-16,"Elentec co., Ltd.","44F, Quang Minh Industrial Zone, Hanoi, Vietnam",VN,Vietnam,21.0277644,105.8341598,Electronics,A Brand / Retailer|Samsung [Public List] (Samsung 2021 Facility List),,"Elentec co., Ltd.",,,,,False,,,,,,,,,,,,,,,,,,,,,,,,,,,,,,,,,,,,,,,,,,,,,,,,,,,,,,,,,,,,,,,,,,,,,,,,,,,,,,,,,,,,,,,,,,,,,,,,,,,,,,,,,,,,,,,,,,,,,,,,,,,,,,,,,,
VN2022289TJ495V,2022-10-16,"Daeyoung Electronics Co., Ltd.","Lot Ht-2-1, Road D2, Ho Chi Minh Hi Ho Chi Minh City Dist 9, Vietnam",VN,Vietnam,10.8428402,106.8286851,Electronics,A Brand / Retailer|Samsung [Public List] (Samsung 2021 Facility List),,"Daeyoung Electronics Co., Ltd.",,,,,False,,,,,,,,,,,,,,,,,,,,,,,,,,,,,,,,,,,,,,,,,,,,,,,,,,,,,,,,,,,,,,,,,,,,,,,,,,,,,,,,,,,,,,,,,,,,,,,,,,,,,,,,,,,,,,,,,,,,,,,,,,,,,,,,,,
VN2022289TNJFJZ,2022-10-16,"Samsung SDI Co., Ltd.","Yen Phong Industrial park, Yen Trung Commune, Yen Phong District,Bac Ninh , Vietnam",VN,Vietnam,21.1974458,105.9943429,Electronics,A Brand / Retailer|Samsung [Public List] (Samsung 2021 Facility List)|Apple [Public List] (Apple 2019 Facility List)|A Brand / Retailer|Samsung [Public List] (Samsung 2021 Facility List),,"Samsung SDI Co., Ltd.|Samsung Display Co., Ltd.",,,,,False,,,,,,,,,,,,,,,,,,,,,,,,,,,,,,,,,,,,,,,,,,,,,,,,,,,,,,,,,,,,,,,,,,,,,,,,,,,,,,,,,,,,,,,,,,,,,,,,,,,,,,,,,,,,,,,,,,,,,,,,,,,,,,,,,,
VN2022289TQVJFA,2022-10-16,"Inzi Display Co.,Ltd.","Plot 220, Road 10, Amata Industrial Dong Nai Long Binh Ward, Bien Hoa, Vietnam",VN,Vietnam,10.9505437,106.8720147,Electronics,A Brand / Retailer|Samsung [Public List] (Samsung 2021 Facility List),,"Inzi Display Co.,Ltd.",,,,,False,,,,,,,,,,,,,,,,,,,,,,,,,,,,,,,,,,,,,,,,,,,,,,,,,,,,,,,,,,,,,,,,,,,,,,,,,,,,,,,,,,,,,,,,,,,,,,,,,,,,,,,,,,,,,,,,,,,,,,,,,,,,,,,,,,
VN2022289VH3RMR,2022-10-16,"Bujeon Electronics Co., Ltd.","No.903, 3/2 Street, Phu Xa Commune, Thai Nguyen, Vietnam",VN,Vietnam,21.5550253,105.8525983,Electronics,A Brand / Retailer|Samsung [Public List] (Samsung 2021 Facility List),,"Bujeon Electronics Co., Ltd.",,,,,False,,,,,,,,,,,,,,,,,,,,,,,,,,,,,,,,,,,,,,,,,,,,,,,,,,,,,,,,,,,,,,,,,,,,,,,,,,,,,,,,,,,,,,,,,,,,,,,,,,,,,,,,,,,,,,,,,,,,,,,,,,,,,,,,,,
VN2022289VXJ2DP,2022-10-16,"Mcnex Co., Ltd.","Lot CN5, Phuc Son Industrial Park, Ninh Binh, Vietnam",VN,Vietnam,20.2456572,105.9530966,Electronics,A Brand / Retailer|Samsung [Public List] (Samsung 2021 Facility List),,"Mcnex Co., Ltd.",,,,,False,,,,,,,,,,,,,,,,,,,,,,,,,,,,,,,,,,,,,,,,,,,,,,,,,,,,,,,,,,,,,,,,,,,,,,,,,,,,,,,,,,,,,,,,,,,,,,,,,,,,,,,,,,,,,,,,,,,,,,,,,,,,,,,,,,
VN2022289X9KQ1E,2022-10-16,"Namuga Co., Ltd.","Lot B9, Thuy Van Industrial Zone, Thuy Van Commune, Viet Tri City, Phu Tho, Vietnam",VN,Vietnam,21.324671,105.3453184,Electronics,A Brand / Retailer|Samsung [Public List] (Samsung 2021 Facility List),,"Namuga Co., Ltd.",,,,,False,,,,,,,,,,,,,,,,,,,,,,,,,,,,,,,,,,,,,,,,,,,,,,,,,,,,,,,,,,,,,,,,,,,,,,,,,,,,,,,,,,,,,,,,,,,,,,,,,,,,,,,,,,,,,,,,,,,,,,,,,,,,,,,,,,
VN2022289XCQ726,2022-10-16,"Sung Woo Electronics Co., Ltd.","Thuan Thanh 3 Industrial Zone, Thanh Khuong Commune, Thuan Thanh District,Bac Ninh, Vietnam",VN,Vietnam,21.0348084,106.0701324,Electronics,A Brand / Retailer|Samsung [Public List] (Samsung 2021 Facility List),,"Sung Woo Electronics Co., Ltd.",,,,,False,,,,,,,,,,,,,,,,,,,,,,,,,,,,,,,,,,,,,,,,,,,,,,,,,,,,,,,,,,,,,,,,,,,,,,,,,,,,,,,,,,,,,,,,,,,,,,,,,,,,,,,,,,,,,,,,,,,,,,,,,,,,,,,,,,
VN2022289XR9YTK,2022-10-16,Dongyang E&P Inc.,"Nhan Hoa Ward-My Hao District, Hung Yen Province, Vietnam",VN,Vietnam,20.9433227,106.0669571,Electronics,Samsung [Public List] (Samsung 2021 Facility List)|A Brand / Retailer,,Dongyang E&P Inc.,,,,,False,,,,,,,,,,,,,,,,,,,,,,,,,,,,,,,,,,,,,,,,,,,,,,,,,,,,,,,,,,,,,,,,,,,,,,,,,,,,,,,,,,,,,,,,,,,,,,,,,,,,,,,,,,,,,,,,,,,,,,,,,,,,,,,,,,
VN2022289Y45DTB,2022-10-16,"Samsung Electro-Mechanics Co., Ltd.","Yen Binh Industrial Zone Dong Tien Ward, Pho Yen Town, Thai Nguyen, Vietnam",VN,Vietnam,21.422379,105.9011888,Computers|Electronics,A Brand / Retailer|Samsung [Public List] (Samsung 2021 Facility List)|A Civil Society Organization,,"Samsung Electro-Mechanics Co., Ltd.",,,,,False,,,,,,,,,,,,,,,,,,,,,,,,,,,,,,,,,,,,,,,,,,,,,,,,,,,,,,,,,,,,,,,,,,,,,,,,,,,,,,,,,,,,,,,,,,,,,,,,,,,,,,,,,,,,,,,,,,,,,,,,,,,,,,,,,,
VN2022289YNWEJC,2022-10-16,"Bujeon Electronics Co., Ltd.","Phuong Lieu Commune-Que Vo District, Bac Ninh, Vietnam",VN,Vietnam,21.163438,106.12575,Electronics,A Brand / Retailer|Samsung [Public List] (Samsung 2021 Facility List),,"Bujeon Electronics Co., Ltd.",,,,,False,,,,,,,,,,,,,,,,,,,,,,,,,,,,,,,,,,,,,,,,,,,,,,,,,,,,,,,,,,,,,,,,,,,,,,,,,,,,,,,,,,,,,,,,,,,,,,,,,,,,,,,,,,,,,,,,,,,,,,,,,,,,,,,,,,
VN2022289Z360MS,2022-10-16,"WiSol Co., Ltd.","No.26, Street 05 Vsip Bac Ninh Industrial Zone, Tu Son Town, Bac Ninh, Vietnam",VN,Vietnam,21.0780543,105.9668831,Electronics,A Brand / Retailer|Samsung [Public List] (Samsung 2021 Facility List),,"WiSol Co., Ltd.",,,,,False,,,,,,,,,,,,,,,,,,,,,,,,,,,,,,,,,,,,,,,,,,,,,,,,,,,,,,,,,,,,,,,,,,,,,,,,,,,,,,,,,,,,,,,,,,,,,,,,,,,,,,,,,,,,,,,,,,,,,,,,,,,,,,,,,,
