company,our_name,LEI,verdict,decided_at
amazon-com-inc,ACE TURTLE OMNI,3358006WJQ5NKCOILG39,yes,2026-10-02T14:00:05Z
amazon-com-inc,ADM MILLING,549300WHTHBDO120XJ46,yes,2026-10-02T14:00:18Z
amazon-com-inc,ALPINE APPARELS,335800NQWF34N26ZNF59,yes,2026-10-02T14:00:40Z
amazon-com-inc,APURVA CREATIONS,984500788F139E7DE312,yes,2026-10-02T14:01:01Z
amazon-com-inc,BERRYWORLD,213800IF2IKC4T5OU976,yes,2026-10-02T14:02:12Z
amazon-com-inc,FAIRWAY,6994003STYAQVHXY3D64,yes,2026-10-02T13:59:48Z
amazon-com-inc,HENKEL AG AND KGAA,549300VZCL1HTH4O4Y49,yes,2026-10-02T14:03:17Z
amazon-com-inc,WESTERN DIGITAL,549300863YY15DBBB836,yes,2026-10-02T14:02:42Z
amazon-com-inc,YKK YKK,549300PK1TLDN21WXJ36,yes,2026-10-02T14:02:28Z
apple,HENKEL AG AND KGAA,549300VZCL1HTH4O4Y49,yes,2026-10-02T14:03:17Z
apple,MICRON TECHNOLOGY,B3DXGBC8GAIYWI2Z0172,yes,2026-10-02T19:21:28Z
