checked_utc,kind,our_names,LEI,gleif_legal_name,legal_country,osh_owner,direct_parent_lei,direct_parent_country,ultimate_parent_lei,no_parent_reason,direct_parent_name,person_confirmed_same_company (yes/no)
2026-09-30,owner,MOCHIKO SHOES,335800KLZHM57TVMVE51,MOCHIKO SHOES,IN,MOCHIKO SHOES (this row IS the owner),,,,NATURAL_PERSONS,,
2026-09-30,site,PT HWA SEUNG INDONESIA | PT. Hwa Seung Indonesia,254900C13OP0T2U21288,PT Hwa Seung Indonesia,ID,HWASEUNG INDUSTRIES,,,,NON_CONSOLIDATING,,
2026-09-30,owner,VERTICAL KNITS,4469000001E9305R6057,VERTICAL KNITS SA DE CV,MX,VERTICAL KNITS (this row IS the owner),,,,NATURAL_PERSONS,,
2026-09-30,site,AVERY DENNISON (INDIA) PRIVATE LIMITED,335800B6VWRQKKS8ET90,AVERY DENNISON (INDIA) PRIVATE LIMITED,IN,AVERY DENNISON,,,,NON_PUBLIC,,
2026-09-30,site,"AVERY DENNISON RIS VIETNAM CO., LIMITED",9845004EXF9FF96ZE069,CÔNG TY TNHH AVERY DENNISON RIS VIỆT NAM,VN,PAXAR|AVERY DENNISON|PAXAR FAR EAST,,,,NON_PUBLIC,,
2026-09-30,site,Active Clothing Co. Limited,335800YEJVLU97Q3AO26,ACTIVE CLOTHING CO LIMITED,IN,ACE TURTLE OMNI,,,,NATURAL_PERSONS,,
2026-09-30,site,Arnit Creations Pvt Ltd,984500EA78DHC8D7A753,ARNIT CREATIONS PRIVATE LIMITED,IN,(no owner in Open Supply Hub),,,,NO_KNOWN_PERSON,,
2026-09-30,site,Calzaturificio Jumbo S.p.A.,815600B993FE0C0EE660,CALZATURIFICIO JUMBO S.P.A.,IT,(no owner in Open Supply Hub),,,,NON_CONSOLIDATING,,
2026-09-30,site,Etiketa Tiskarna D.D.,4851007XP81MRKDGOG83,"ETIKETA, tiskarna, d.d.",SI,SIPESA S A,,,,NO_KNOWN_PERSON,,
2026-09-30,site,First Sports Equipment Factory,655600NR25VCW1L3DZ64,江门市新会区发达运动用品有限公司,CN,SION INTERNATIONAL,,,,NO_LEI,,
2026-09-30,site,Hayleys Fabric PLC,254900UYFT8SIXMAUK60,Hayleys Fabric PLC,LK,MAS,,,,NATURAL_PERSONS,,
2026-09-30,site,"K-L MFG. CO., INC.",549300V8APX7RQY6KX08,"K-L MFG. Co., Inc.",US,K AND L MANUFACTURING,,,,NON_CONSOLIDATING,,
2026-09-30,site,L.I.M. SRL,894500Q3ZZQSEGFWJY19,L.I.M. (LAVORAZONI INDUSTRIALI METALLICHE) S.R.L.,IT,LIM,,,,NON_CONSOLIDATING,,
2026-09-30,site,MOCHIKO SPORTS PRIVATE LIMITED,335800L1XBZGUOB27Z75,MOCHIKO SPORTS PRIVATE LIMITED,IN,MOCHIKO SHOES,,,,NON_PUBLIC,,
2026-09-30,site,MaxKing (India) Footwear Private Limited,335800TJRI6JIU27WG38,MAXKING (INDIA) FOOTWEAR PRIVATE LIMITED,IN,APACHE FOOTWEAR,,,,NON_PUBLIC,,
2026-09-30,site,"OREGON SCREEN IMPRESSIONS, INC.",549300GNRRGYURBT4F36,"Oregon Screen Impressions, Inc.",US,(no owner in Open Supply Hub),,,,no GLEIF record (reporting exception not found),,
2026-09-30,site,PAXAR DO BRASIL LTDA,213800RPETDKTYGMQP66,PAXAR DO BRASIL LTDA,BR,AVERY DENNISON,,,,NON_CONSOLIDATING,,
2026-09-30,site,PT Panarub Industry,254900UXECELWPPCMF59,PT Panarub Industry,ID,STAR ASIA TRADING PTE,,,,NON_CONSOLIDATING,,
2026-09-30,site,PT. COATS REJO INDONESIA,213800TIMLY8NHYC2I61,PT. COATS REJO INDONESIA,ID,COATS THREAD|COATS,2138003SPYWGAITNFY17,GB,2138003SPYWGAITNFY17,,COATS GROUP PLC,
2026-09-30,site,PT. Nikomas Gemilang,254900IJ5CIKQUWRVK82,PT Nikomas Gemilang,ID,THE LOOK MACAO COMMERCIAL OFFSHORE|POU CHEN,,,,NON_CONSOLIDATING,,
2026-09-30,site,PT. Paxar Indonesia,549300YDGYNJ5OSNWF92,PT PAXAR INDONESIA,ID,AVERY DENNISON,549300PW7VPFCYKLIV37,US,549300PW7VPFCYKLIV37,,AVERY DENNISON CORPORATION,
2026-09-30,site,"QINGDAO YALINA APPAREL CO.,LTD.",655600MUYCKJJ5U0N311,青岛雅丽娜服饰有限公司,CN,(no owner in Open Supply Hub),,,,NON_PUBLIC,,
2026-09-30,site,"Qingdao Atago Apparel Co., Ltd.",65560029PAC6WJFOYY38,青岛爱达高服装有限公司,CN,WEIHAI DISHANG HUAMAO ENTERPRISE,,,,NON_PUBLIC,,
2026-09-30,site,Qingdao Tenghua Apparel Co.Ltd.,655600OVRR5I3OJRFF23,青岛藤华服装有限公司,CN,KONDOU SHISHU|ATAGO JAPAN,,,,NON_PUBLIC,,
2026-09-30,site,Racing Force S.p.A.,8156005B22B0857C7357,RACING FORCE S.P.A.,IT,(no owner in Open Supply Hub),81560019B02136053B77,IT,81560019B02136053B77,,SAYE S.P.A.,
2026-09-30,site,SP Apparel Inc,549300X006DP42WTYN30,LES VÊTEMENTS SP INC.,CA,(no owner in Open Supply Hub),,,,NATURAL_PERSONS,,
2026-09-30,site,SSA FOOTWEAR PRIVATE LIMITED,894500H4I6Y82QRREF57,SSA FOOTWEAR PRIVATE LIMITED,IN,(no owner in Open Supply Hub),,,,NATURAL_PERSONS,,
2026-09-30,owner,TEXTUFIL S A DE C V,5493005I5BINLWKGQO91,"TEXTUFIL, S.A. DE C.V.",SV,TEXTUFIL S A DE C V (this row IS the owner),,,,NON_PUBLIC,,
2026-09-30,site,Universal Sports Industries,984500EDZ3A60C0RD904,UNIVERSAL SPORTS INDUSTRIES,IN,(no owner in Open Supply Hub),,,,NATURAL_PERSONS,,
2026-09-30,site,Waldkraft Gmbh,391200G6XHT7VDQ18P07,Waldkraft GmbH,DE,(no owner in Open Supply Hub),,,,NO_KNOWN_PERSON,,
