Relationship.StartNode.NodeID,Relationship.StartNode.NodeIDType,Relationship.EndNode.NodeID,Relationship.EndNode.NodeIDType,Relationship.RelationshipType,Relationship.RelationshipStatus,Relationship.Period.1.startDate,Relationship.Period.1.endDate,Relationship.Period.1.periodType,Registration.RegistrationStatus,Registration.LastUpdateDate,Registration.ValidationSources,our_lei_is
2138001NYW5XSHOUA612,LEI,549300PW7VPFCYKLIV37,LEI,IS_DIRECTLY_CONSOLIDATED_BY,ACTIVE,2024-01-01T00:00:00Z,2024-12-31T00:00:00Z,ACCOUNTING_PERIOD,PUBLISHED,2026-01-30T08:59:19.747Z,ENTITY_SUPPLIED_ONLY,start
2138001NYW5XSHOUA612,LEI,549300PW7VPFCYKLIV37,LEI,IS_ULTIMATELY_CONSOLIDATED_BY,ACTIVE,2024-01-01T00:00:00Z,2024-12-31T00:00:00Z,ACCOUNTING_PERIOD,PUBLISHED,2026-01-30T08:59:19.747Z,ENTITY_SUPPLIED_ONLY,start
2138004WKONVOSRTU954,LEI,549300PW7VPFCYKLIV37,LEI,IS_DIRECTLY_CONSOLIDATED_BY,ACTIVE,2024-01-01T00:00:00Z,2024-12-31T00:00:00Z,ACCOUNTING_PERIOD,PUBLISHED,2025-12-15T10:52:10.700Z,FULLY_CORROBORATED,start
2138004WKONVOSRTU954,LEI,549300PW7VPFCYKLIV37,LEI,IS_ULTIMATELY_CONSOLIDATED_BY,ACTIVE,2024-01-01T00:00:00Z,2024-12-31T00:00:00Z,ACCOUNTING_PERIOD,PUBLISHED,2025-12-15T10:52:10.700Z,FULLY_CORROBORATED,start
2138008EHBSZ7WGHHV64,LEI,2138003SPYWGAITNFY17,LEI,IS_DIRECTLY_CONSOLIDATED_BY,ACTIVE,2025-01-01T00:00:00Z,2025-12-31T00:00:00Z,ACCOUNTING_PERIOD,PUBLISHED,2026-06-15T14:51:05.170Z,FULLY_CORROBORATED,start
2138008EHBSZ7WGHHV64,LEI,2138003SPYWGAITNFY17,LEI,IS_ULTIMATELY_CONSOLIDATED_BY,ACTIVE,2025-01-01T00:00:00Z,2025-12-31T00:00:00Z,ACCOUNTING_PERIOD,PUBLISHED,2026-06-15T14:51:05.170Z,FULLY_CORROBORATED,start
2138009IK4VSAH1DUU92,LEI,2138003SPYWGAITNFY17,LEI,IS_DIRECTLY_CONSOLIDATED_BY,ACTIVE,2024-01-01T00:00:00Z,2024-12-31T00:00:00Z,ACCOUNTING_PERIOD,PUBLISHED,2026-05-14T11:07:51.957Z,FULLY_CORROBORATED,start
2138009IK4VSAH1DUU92,LEI,2138003SPYWGAITNFY17,LEI,IS_ULTIMATELY_CONSOLIDATED_BY,ACTIVE,2024-01-01T00:00:00Z,2024-12-31T00:00:00Z,ACCOUNTING_PERIOD,PUBLISHED,2026-05-14T11:07:51.957Z,FULLY_CORROBORATED,start
213800CKDNK3Z4ST6412,LEI,549300PW7VPFCYKLIV37,LEI,IS_DIRECTLY_CONSOLIDATED_BY,ACTIVE,2022-01-01T00:00:00Z,2022-12-31T00:00:00Z,ACCOUNTING_PERIOD,PUBLISHED,2025-11-13T09:38:36.763Z,ENTITY_SUPPLIED_ONLY,start
213800CKDNK3Z4ST6412,LEI,549300PW7VPFCYKLIV37,LEI,IS_ULTIMATELY_CONSOLIDATED_BY,ACTIVE,2022-01-01T00:00:00Z,2022-12-31T00:00:00Z,ACCOUNTING_PERIOD,PUBLISHED,2025-11-13T09:38:36.763Z,ENTITY_SUPPLIED_ONLY,start
213800EITQAZ2XTOB367,LEI,0TMBS544NMO7GLCE7H90,LEI,IS_DIRECTLY_CONSOLIDATED_BY,ACTIVE,2021-01-01T00:00:00Z,2021-12-31T00:00:00Z,ACCOUNTING_PERIOD,LAPSED,2022-12-29T09:43:10.240Z,FULLY_CORROBORATED,start
213800EITQAZ2XTOB367,LEI,ONN53RF43KDRFCB1J158,LEI,IS_FUND-MANAGED_BY,ACTIVE,2018-12-20T00:00:00Z,,RELATIONSHIP_PERIOD,LAPSED,2022-12-29T09:43:10.240Z,FULLY_CORROBORATED,start
213800EITQAZ2XTOB367,LEI,0TMBS544NMO7GLCE7H90,LEI,IS_ULTIMATELY_CONSOLIDATED_BY,ACTIVE,2021-01-01T00:00:00Z,2021-12-31T00:00:00Z,ACCOUNTING_PERIOD,LAPSED,2022-12-29T09:43:10.240Z,FULLY_CORROBORATED,start
213800EWOAW465BNL415,LEI,213800CZXESLRWEHUY47,LEI,IS_FUND-MANAGED_BY,ACTIVE,2023-10-04T00:00:00Z,,RELATIONSHIP_PERIOD,PUBLISHED,2025-09-29T12:26:09.333Z,PARTIALLY_CORROBORATED,start
213800EWOAW465BNL415,LEI,213800NC97FV8LE4JE36,LEI,IS_SUBFUND_OF,ACTIVE,2021-09-24T00:00:00Z,,RELATIONSHIP_PERIOD,PUBLISHED,2025-09-29T12:26:09.333Z,PARTIALLY_CORROBORATED,start
213800NC97FV8LE4JE36,LEI,213800CZXESLRWEHUY47,LEI,IS_FUND-MANAGED_BY,ACTIVE,2020-07-13T00:00:00Z,,RELATIONSHIP_PERIOD,PUBLISHED,2026-05-20T10:40:23.247Z,PARTIALLY_CORROBORATED,start
213800NTNR77BK5K7G95,LEI,969500WC3CPW2UUJVK52,LEI,IS_DIRECTLY_CONSOLIDATED_BY,ACTIVE,2019-01-01T00:00:00Z,2019-12-31T00:00:00Z,ACCOUNTING_PERIOD,LAPSED,2021-05-07T17:24:51.810Z,FULLY_CORROBORATED,start
213800NTNR77BK5K7G95,LEI,96950056ULJ4JI7V3752,LEI,IS_ULTIMATELY_CONSOLIDATED_BY,ACTIVE,2019-01-01T00:00:00Z,2019-12-31T00:00:00Z,ACCOUNTING_PERIOD,LAPSED,2021-05-07T17:24:51.810Z,FULLY_CORROBORATED,start
213800O52IDGW2QC8C78,LEI,35380099TCYR5FHT0A11,LEI,IS_DIRECTLY_CONSOLIDATED_BY,ACTIVE,2023-04-01T00:00:00Z,2024-03-31T00:00:00Z,ACCOUNTING_PERIOD,PUBLISHED,2025-12-15T14:01:51.517Z,FULLY_CORROBORATED,end
213800O52IDGW2QC8C78,LEI,35380099TCYR5FHT0A11,LEI,IS_ULTIMATELY_CONSOLIDATED_BY,ACTIVE,2023-04-01T00:00:00Z,2024-03-31T00:00:00Z,ACCOUNTING_PERIOD,PUBLISHED,2025-12-15T14:01:51.517Z,FULLY_CORROBORATED,end
213800PEM6TDRSXOQG22,LEI,213800HBUHCXKIPIYO13,LEI,IS_DIRECTLY_CONSOLIDATED_BY,ACTIVE,2025-01-01T00:00:00Z,,RELATIONSHIP_PERIOD,PUBLISHED,2026-06-18T11:08:49Z,ENTITY_SUPPLIED_ONLY,start
213800PEM6TDRSXOQG22,LEI,213800HBUHCXKIPIYO13,LEI,IS_ULTIMATELY_CONSOLIDATED_BY,ACTIVE,2025-01-01T00:00:00Z,,RELATIONSHIP_PERIOD,PUBLISHED,2026-06-18T11:10:55Z,ENTITY_SUPPLIED_ONLY,start
213800QOU84HCOUSPE54,LEI,213800LCJ4LKYQM3AC21,LEI,IS_DIRECTLY_CONSOLIDATED_BY,ACTIVE,2019-01-01T00:00:00Z,2019-12-31T00:00:00Z,ACCOUNTING_PERIOD,LAPSED,2024-10-25T00:05:26.890Z,ENTITY_SUPPLIED_ONLY,start
213800QOU84HCOUSPE54,LEI,ONN53RF43KDRFCB1J158,LEI,IS_FUND-MANAGED_BY,ACTIVE,2018-11-23T00:00:00Z,,RELATIONSHIP_PERIOD,LAPSED,2024-10-25T00:05:26.890Z,FULLY_CORROBORATED,start
213800QOU84HCOUSPE54,LEI,213800LCJ4LKYQM3AC21,LEI,IS_SUBFUND_OF,ACTIVE,2018-11-23T00:00:00Z,,RELATIONSHIP_PERIOD,LAPSED,2024-10-25T00:05:26.890Z,FULLY_CORROBORATED,start
213800QOU84HCOUSPE54,LEI,0TMBS544NMO7GLCE7H90,LEI,IS_ULTIMATELY_CONSOLIDATED_BY,ACTIVE,2019-01-01T00:00:00Z,2019-12-31T00:00:00Z,ACCOUNTING_PERIOD,LAPSED,2024-10-25T00:05:26.890Z,ENTITY_SUPPLIED_ONLY,start
213800T295JOV99C5421,LEI,529900GXMEN5RRPH8C73,LEI,IS_DIRECTLY_CONSOLIDATED_BY,ACTIVE,2024-04-01T00:00:00Z,2025-03-31T00:00:00Z,ACCOUNTING_PERIOD,PUBLISHED,2026-01-09T16:13:32.080Z,FULLY_CORROBORATED,start
213800T295JOV99C5421,LEI,35380099TCYR5FHT0A11,LEI,IS_ULTIMATELY_CONSOLIDATED_BY,ACTIVE,2024-04-01T00:00:00Z,2025-03-31T00:00:00Z,ACCOUNTING_PERIOD,PUBLISHED,2026-01-09T16:13:32.080Z,FULLY_CORROBORATED,start
213800TIMLY8NHYC2I61,LEI,2138003SPYWGAITNFY17,LEI,IS_DIRECTLY_CONSOLIDATED_BY,ACTIVE,2024-01-01T00:00:00Z,2024-12-31T00:00:00Z,ACCOUNTING_PERIOD,PUBLISHED,2026-05-14T11:07:51.957Z,FULLY_CORROBORATED,start
213800TIMLY8NHYC2I61,LEI,2138003SPYWGAITNFY17,LEI,IS_ULTIMATELY_CONSOLIDATED_BY,ACTIVE,2024-01-01T00:00:00Z,2024-12-31T00:00:00Z,ACCOUNTING_PERIOD,PUBLISHED,2026-05-14T11:07:51.957Z,FULLY_CORROBORATED,start
213800YHIXXIBDJ6WJ24,LEI,213800CZXESLRWEHUY47,LEI,IS_FUND-MANAGED_BY,ACTIVE,2020-07-13T00:00:00Z,,RELATIONSHIP_PERIOD,PUBLISHED,2026-05-20T10:40:23.247Z,ENTITY_SUPPLIED_ONLY,start
213800YHIXXIBDJ6WJ24,LEI,213800NC97FV8LE4JE36,LEI,IS_SUBFUND_OF,ACTIVE,2020-07-13T00:00:00Z,,RELATIONSHIP_PERIOD,PUBLISHED,2026-05-20T10:40:23.247Z,ENTITY_SUPPLIED_ONLY,start
254900500JR7F97GLC22,LEI,2549001TYW2VQ69IO062,LEI,IS_DIRECTLY_CONSOLIDATED_BY,ACTIVE,2023-01-01T00:00:00.000Z,,RELATIONSHIP_PERIOD,PUBLISHED,2026-01-06T15:20:45.125Z,ENTITY_SUPPLIED_ONLY,start
25490051NUU24RRHW523,LEI,254900CDLU5OS06M6K24,LEI,IS_ULTIMATELY_CONSOLIDATED_BY,ACTIVE,2024-08-08T00:00:00.000Z,,RELATIONSHIP_PERIOD,PUBLISHED,2026-06-02T06:32:17.940Z,ENTITY_SUPPLIED_ONLY,start
2549005TA0W71J72HG81,LEI,2549001TYW2VQ69IO062,LEI,IS_DIRECTLY_CONSOLIDATED_BY,ACTIVE,2008-03-29T00:00:00.000Z,,RELATIONSHIP_PERIOD,PUBLISHED,2026-01-06T15:20:45.289Z,ENTITY_SUPPLIED_ONLY,start
254900A2V0IO8K56UH35,LEI,529900JWLZAYET2ZGW20,LEI,IS_ULTIMATELY_CONSOLIDATED_BY,ACTIVE,2026-09-08T00:00:00.000Z,,RELATIONSHIP_PERIOD,PUBLISHED,2026-09-25T17:38:35.331Z,ENTITY_SUPPLIED_ONLY,end
254900DPNNTJUCMXGG23,LEI,254900CDLU5OS06M6K24,LEI,IS_DIRECTLY_CONSOLIDATED_BY,ACTIVE,2019-01-01T00:00:00.000Z,2019-12-31T00:00:00.000Z,ACCOUNTING_PERIOD,LAPSED,2025-09-13T13:30:00.012Z,ENTITY_SUPPLIED_ONLY,end
254900DPNNTJUCMXGG23,LEI,254900CDLU5OS06M6K24,LEI,IS_ULTIMATELY_CONSOLIDATED_BY,ACTIVE,2019-01-01T00:00:00.000Z,2019-12-31T00:00:00.000Z,ACCOUNTING_PERIOD,LAPSED,2025-09-13T13:30:00.012Z,ENTITY_SUPPLIED_ONLY,end
254900QZFAJ127XMLH66,LEI,25490027LIXQ7W4PBH18,LEI,IS_DIRECTLY_CONSOLIDATED_BY,ACTIVE,1991-08-29T00:00:00.000Z,,RELATIONSHIP_PERIOD,PUBLISHED,2025-12-31T11:28:43.686Z,ENTITY_SUPPLIED_ONLY,end
254900QZFAJ127XMLH66,LEI,25490027LIXQ7W4PBH18,LEI,IS_ULTIMATELY_CONSOLIDATED_BY,ACTIVE,1991-08-29T00:00:00.000Z,,RELATIONSHIP_PERIOD,PUBLISHED,2025-12-31T11:28:43.686Z,ENTITY_SUPPLIED_ONLY,end
254900RGBBZIYQFCJR41,LEI,549300MGVLXK8G4X5Y29,LEI,IS_DIRECTLY_CONSOLIDATED_BY,ACTIVE,2011-12-14T00:00:00.000Z,,RELATIONSHIP_PERIOD,PUBLISHED,2025-09-17T18:33:32.011Z,ENTITY_SUPPLIED_ONLY,start
254900RGBBZIYQFCJR41,LEI,549300MGVLXK8G4X5Y29,LEI,IS_ULTIMATELY_CONSOLIDATED_BY,ACTIVE,2011-12-14T00:00:00.000Z,,RELATIONSHIP_PERIOD,PUBLISHED,2025-09-17T18:33:32.011Z,ENTITY_SUPPLIED_ONLY,start
254900UN72IO0G60U640,LEI,254900CDLU5OS06M6K24,LEI,IS_DIRECTLY_CONSOLIDATED_BY,ACTIVE,2020-06-19T00:00:00.000Z,,RELATIONSHIP_PERIOD,LAPSED,2023-05-11T14:31:07.405Z,ENTITY_SUPPLIED_ONLY,start
254900UN72IO0G60U640,LEI,254900CDLU5OS06M6K24,LEI,IS_ULTIMATELY_CONSOLIDATED_BY,ACTIVE,2020-06-19T00:00:00.000Z,,RELATIONSHIP_PERIOD,LAPSED,2023-05-11T14:31:07.405Z,ENTITY_SUPPLIED_ONLY,start
254900Y7X26ZGQXLVR57,LEI,254900CDLU5OS06M6K24,LEI,IS_ULTIMATELY_CONSOLIDATED_BY,ACTIVE,1964-04-09T00:00:00.000Z,,RELATIONSHIP_PERIOD,LAPSED,2021-07-23T13:32:30.317Z,ENTITY_SUPPLIED_ONLY,end
3003001B10NPOKFRLE94,LEI,300300C1030935001303,LEI,IS_DIRECTLY_CONSOLIDATED_BY,ACTIVE,2011-03-01T00:00:00.000+08:00,,RELATIONSHIP_PERIOD,PUBLISHED,2024-06-18T09:32:09.000+08:00,FULLY_CORROBORATED,end
3003001B10NPOKFRLE94,LEI,300300C1030935001303,LEI,IS_ULTIMATELY_CONSOLIDATED_BY,ACTIVE,2011-03-01T00:00:00.000+08:00,,RELATIONSHIP_PERIOD,PUBLISHED,2024-06-18T09:32:09.000+08:00,FULLY_CORROBORATED,end
3003007Y03W5HH1MXR96,LEI,300300C1030935001303,LEI,IS_DIRECTLY_CONSOLIDATED_BY,ACTIVE,2014-03-17T00:00:00.000+08:00,,RELATIONSHIP_PERIOD,PUBLISHED,2026-01-22T15:30:33.000+08:00,FULLY_CORROBORATED,start
3003007Y03W5HH1MXR96,LEI,300300C1030935001303,LEI,IS_INTERNATIONAL_BRANCH_OF,ACTIVE,2023-01-01T00:00:00.000+08:00,,RELATIONSHIP_PERIOD,PUBLISHED,2023-07-06T16:56:53.184+08:00,FULLY_CORROBORATED,start
3003007Y03W5HH1MXR96,LEI,300300C1030935001303,LEI,IS_ULTIMATELY_CONSOLIDATED_BY,ACTIVE,2014-03-17T00:00:00.000+08:00,,RELATIONSHIP_PERIOD,PUBLISHED,2026-01-22T15:30:33.000+08:00,FULLY_CORROBORATED,start
300300D3001712000047,LEI,300300C1030935001303,LEI,IS_DIRECTLY_CONSOLIDATED_BY,ACTIVE,2010-08-30T00:00:00.000+08:00,,RELATIONSHIP_PERIOD,LAPSED,2026-05-29T00:10:00.000+08:00,FULLY_CORROBORATED,end
300300D3001712000047,LEI,300300C1030935001303,LEI,IS_ULTIMATELY_CONSOLIDATED_BY,ACTIVE,2010-08-30T00:00:00.000+08:00,,RELATIONSHIP_PERIOD,LAPSED,2026-05-29T00:10:00.000+08:00,FULLY_CORROBORATED,end
300300E2011135000092,LEI,300300C1030935001303,LEI,IS_DIRECTLY_CONSOLIDATED_BY,ACTIVE,2013-04-17T00:00:00.000+08:00,,RELATIONSHIP_PERIOD,PUBLISHED,2025-10-24T14:13:43.000+08:00,FULLY_CORROBORATED,start
300300E2011135000092,LEI,300300C1030935001303,LEI,IS_ULTIMATELY_CONSOLIDATED_BY,ACTIVE,2013-04-17T00:00:00.000+08:00,,RELATIONSHIP_PERIOD,PUBLISHED,2025-10-24T14:13:43.000+08:00,FULLY_CORROBORATED,start
315700XCSCVK3LA9XX96,LEI,213800THWVY4MIDWYH93,LEI,IS_ULTIMATELY_CONSOLIDATED_BY,ACTIVE,2023-01-01T00:00:00+00:00,2023-12-31T00:00:00+00:00,ACCOUNTING_PERIOD,PUBLISHED,2026-02-04T20:06:30+00:00,FULLY_CORROBORATED,end
3358001VJNO7SI9GD110,LEI,335800CWJUVEKQ1TE879,LEI,IS_DIRECTLY_CONSOLIDATED_BY,ACTIVE,2021-05-16T18:30:00.001Z,,RELATIONSHIP_PERIOD,PUBLISHED,2026-07-29T07:04:33.972Z,FULLY_CORROBORATED,start
3358001VJNO7SI9GD110,LEI,335800CWJUVEKQ1TE879,LEI,IS_ULTIMATELY_CONSOLIDATED_BY,ACTIVE,2021-05-16T18:30:00.001Z,,RELATIONSHIP_PERIOD,PUBLISHED,2026-07-29T07:04:33.973Z,FULLY_CORROBORATED,start
3358006KA9H3R3JHSB09,LEI,35380099TCYR5FHT0A11,LEI,IS_DIRECTLY_CONSOLIDATED_BY,ACTIVE,2013-12-25T18:30:00.001Z,,RELATIONSHIP_PERIOD,PUBLISHED,2026-06-03T11:03:05.755Z,FULLY_CORROBORATED,start
3358006KA9H3R3JHSB09,LEI,35380099TCYR5FHT0A11,LEI,IS_ULTIMATELY_CONSOLIDATED_BY,ACTIVE,2013-12-25T18:30:00.001Z,,RELATIONSHIP_PERIOD,PUBLISHED,2026-06-03T11:03:05.96Z,FULLY_CORROBORATED,start
3358006WJQ5NKCOILG39,LEI,9845008E3DZ3B8366596,LEI,IS_DIRECTLY_CONSOLIDATED_BY,ACTIVE,2021-02-02T18:30:00.001Z,,RELATIONSHIP_PERIOD,PUBLISHED,2025-12-02T07:12:19.791Z,FULLY_CORROBORATED,start
3358006YWP2TTPT2YI93,LEI,335800EI4T29Z2KFOF66,LEI,IS_DIRECTLY_CONSOLIDATED_BY,ACTIVE,2004-08-08T18:30:00.001Z,,RELATIONSHIP_PERIOD,PUBLISHED,2025-11-25T10:38:00.35Z,FULLY_CORROBORATED,end
3358006YWP2TTPT2YI93,LEI,335800EI4T29Z2KFOF66,LEI,IS_ULTIMATELY_CONSOLIDATED_BY,ACTIVE,2004-08-08T18:30:00.001Z,,RELATIONSHIP_PERIOD,PUBLISHED,2025-11-25T10:38:00.659Z,FULLY_CORROBORATED,end
33580095EEHGXL4I1R80,LEI,335800EFGAV8TUAX3S08,LEI,IS_DIRECTLY_CONSOLIDATED_BY,ACTIVE,2017-04-24T18:30:00.001Z,,RELATIONSHIP_PERIOD,PUBLISHED,2026-01-16T13:43:30.501Z,FULLY_CORROBORATED,end
33580095EEHGXL4I1R80,LEI,335800EFGAV8TUAX3S08,LEI,IS_ULTIMATELY_CONSOLIDATED_BY,ACTIVE,2017-04-24T18:30:00.001Z,,RELATIONSHIP_PERIOD,PUBLISHED,2026-01-16T13:43:30.749Z,FULLY_CORROBORATED,end
3358009XXW9WQ6MSAR76,LEI,335800EI4T29Z2KFOF66,LEI,IS_DIRECTLY_CONSOLIDATED_BY,ACTIVE,2021-08-27T18:30:00.001Z,,RELATIONSHIP_PERIOD,PUBLISHED,2025-10-01T11:41:15.284Z,FULLY_CORROBORATED,end
3358009XXW9WQ6MSAR76,LEI,335800EI4T29Z2KFOF66,LEI,IS_ULTIMATELY_CONSOLIDATED_BY,ACTIVE,2021-08-27T18:30:00.001Z,,RELATIONSHIP_PERIOD,PUBLISHED,2025-10-01T11:41:15.408Z,FULLY_CORROBORATED,end
335800FNRN1QHJHYHW32,LEI,335800EFGAV8TUAX3S08,LEI,IS_DIRECTLY_CONSOLIDATED_BY,ACTIVE,2020-02-03T18:30:00.001Z,,RELATIONSHIP_PERIOD,LAPSED,2023-11-30T18:06:12.27Z,FULLY_CORROBORATED,end
335800FNRN1QHJHYHW32,LEI,335800EFGAV8TUAX3S08,LEI,IS_ULTIMATELY_CONSOLIDATED_BY,ACTIVE,2020-02-03T18:30:00.001Z,,RELATIONSHIP_PERIOD,LAPSED,2023-11-30T18:06:12.27Z,FULLY_CORROBORATED,end
335800N2Y3F3KGZYP458,LEI,335800EI4T29Z2KFOF66,LEI,IS_DIRECTLY_CONSOLIDATED_BY,ACTIVE,2024-03-12T18:30:00.001Z,,RELATIONSHIP_PERIOD,PUBLISHED,2025-12-26T10:05:52.488Z,FULLY_CORROBORATED,end
335800N2Y3F3KGZYP458,LEI,335800EI4T29Z2KFOF66,LEI,IS_ULTIMATELY_CONSOLIDATED_BY,ACTIVE,2024-03-12T18:30:00.001Z,,RELATIONSHIP_PERIOD,PUBLISHED,2025-12-26T10:05:52.722Z,FULLY_CORROBORATED,end
335800XMY4CEQ181GN72,LEI,335800CWJUVEKQ1TE879,LEI,IS_DIRECTLY_CONSOLIDATED_BY,ACTIVE,2010-06-21T18:30:00.001Z,,RELATIONSHIP_PERIOD,PUBLISHED,2025-12-08T06:35:52.344Z,FULLY_CORROBORATED,start
335800XMY4CEQ181GN72,LEI,335800CWJUVEKQ1TE879,LEI,IS_ULTIMATELY_CONSOLIDATED_BY,ACTIVE,2010-06-21T18:30:00.001Z,,RELATIONSHIP_PERIOD,PUBLISHED,2025-12-08T06:35:52.511Z,FULLY_CORROBORATED,start
353800JUY3RL63EZJG74,LEI,35380099TCYR5FHT0A11,LEI,IS_DIRECTLY_CONSOLIDATED_BY,ACTIVE,2022-04-01T00:00:00+00:00,2023-03-31T00:00:00+00:00,ACCOUNTING_PERIOD,LAPSED,2025-01-31T00:00:00+00:00,ENTITY_SUPPLIED_ONLY,end
353800JUY3RL63EZJG74,LEI,35380099TCYR5FHT0A11,LEI,IS_ULTIMATELY_CONSOLIDATED_BY,ACTIVE,2022-04-01T00:00:00+00:00,2023-03-31T00:00:00+00:00,ACCOUNTING_PERIOD,LAPSED,2025-01-31T00:00:00+00:00,ENTITY_SUPPLIED_ONLY,end
4469000001BXJ8FN4U73,LEI,529900JWLZAYET2ZGW20,LEI,IS_DIRECTLY_CONSOLIDATED_BY,ACTIVE,2017-01-01T00:00:00-06:00,2017-12-31T00:00:00-06:00,ACCOUNTING_PERIOD,PUBLISHED,2026-01-07T10:33:36.123-06:00,FULLY_CORROBORATED,end
4469000001BXJ8FN4U73,LEI,529900JWLZAYET2ZGW20,LEI,IS_ULTIMATELY_CONSOLIDATED_BY,ACTIVE,2017-01-01T00:00:00-06:00,2017-12-31T00:00:00-06:00,ACCOUNTING_PERIOD,PUBLISHED,2026-01-07T10:33:36.123-06:00,FULLY_CORROBORATED,end
506700BEXXUDRLL5B462,LEI,335800TQ15QJJ5F5MX77,LEI,IS_DIRECTLY_CONSOLIDATED_BY,ACTIVE,2026-04-01T00:00:00Z,2027-03-31T00:00:00Z,ACCOUNTING_PERIOD,PUBLISHED,2026-04-17T06:02:40Z,FULLY_CORROBORATED,end
506700BEXXUDRLL5B462,LEI,335800TQ15QJJ5F5MX77,LEI,IS_ULTIMATELY_CONSOLIDATED_BY,ACTIVE,2026-04-01T00:00:00Z,2027-03-31T00:00:00Z,ACCOUNTING_PERIOD,PUBLISHED,2026-04-17T06:02:40Z,FULLY_CORROBORATED,end
5299000WSV9TV6KVT568,LEI,35380099TCYR5FHT0A11,LEI,IS_DIRECTLY_CONSOLIDATED_BY,ACTIVE,2025-04-01T00:00:00+02:00,2026-03-31T00:00:00+02:00,ACCOUNTING_PERIOD,PUBLISHED,2026-08-31T08:17:37+02:00,PARTIALLY_CORROBORATED,end
5299000WSV9TV6KVT568,LEI,35380099TCYR5FHT0A11,LEI,IS_ULTIMATELY_CONSOLIDATED_BY,ACTIVE,2025-04-01T00:00:00+02:00,2026-03-31T00:00:00+02:00,ACCOUNTING_PERIOD,PUBLISHED,2026-08-31T08:17:37+02:00,PARTIALLY_CORROBORATED,end
52990018MVHD0IZJ5J87,LEI,529900X2YIFA3JTG4580,LEI,IS_FUND-MANAGED_BY,ACTIVE,2020-01-02T00:00:00+01:00,,RELATIONSHIP_PERIOD,PUBLISHED,2026-04-14T11:33:16+02:00,FULLY_CORROBORATED,start
52990018MVHD0IZJ5J87,LEI,529900ECQ98EMJKMSB03,LEI,IS_SUBFUND_OF,ACTIVE,2020-01-02T00:00:00+01:00,,RELATIONSHIP_PERIOD,PUBLISHED,2026-04-14T11:33:16+02:00,FULLY_CORROBORATED,start
529900A1QBY599PBKW22,LEI,213800THWVY4MIDWYH93,LEI,IS_DIRECTLY_CONSOLIDATED_BY,ACTIVE,2019-01-01T00:00:00+01:00,2019-12-31T00:00:00+01:00,ACCOUNTING_PERIOD,LAPSED,2022-09-30T01:30:04+02:00,FULLY_CORROBORATED,end
529900A1QBY599PBKW22,LEI,213800THWVY4MIDWYH93,LEI,IS_ULTIMATELY_CONSOLIDATED_BY,ACTIVE,2019-01-01T00:00:00+01:00,2019-12-31T00:00:00+01:00,ACCOUNTING_PERIOD,LAPSED,2022-09-30T01:30:04+02:00,FULLY_CORROBORATED,end
529900GXMEN5RRPH8C73,LEI,35380099TCYR5FHT0A11,LEI,IS_DIRECTLY_CONSOLIDATED_BY,ACTIVE,2024-04-01T00:00:00+02:00,2025-03-31T00:00:00+02:00,ACCOUNTING_PERIOD,PUBLISHED,2026-01-16T15:49:18+01:00,FULLY_CORROBORATED,start
529900GXMEN5RRPH8C73,LEI,35380099TCYR5FHT0A11,LEI,IS_ULTIMATELY_CONSOLIDATED_BY,ACTIVE,2024-04-01T00:00:00+02:00,2025-03-31T00:00:00+02:00,ACCOUNTING_PERIOD,PUBLISHED,2026-01-16T15:49:18+01:00,FULLY_CORROBORATED,start
5493000LJWGP1BCR8T04,LEI,213800QCHBK3RAF7HE36,LEI,IS_DIRECTLY_CONSOLIDATED_BY,ACTIVE,2019-08-01T00:00:00Z,2020-01-31T00:00:00Z,ACCOUNTING_PERIOD,PUBLISHED,2025-10-20T12:44:17.333Z,FULLY_CORROBORATED,start
5493000LJWGP1BCR8T04,LEI,213800LKZU3XUL41DI38,LEI,IS_FUND-MANAGED_BY,ACTIVE,2001-09-07T00:00:00Z,,RELATIONSHIP_PERIOD,PUBLISHED,2025-10-20T12:44:17.333Z,FULLY_CORROBORATED,start
5493000LJWGP1BCR8T04,LEI,213800QCHBK3RAF7HE36,LEI,IS_SUBFUND_OF,ACTIVE,2001-09-07T00:00:00Z,,RELATIONSHIP_PERIOD,PUBLISHED,2025-10-20T12:44:17.333Z,FULLY_CORROBORATED,start
5493000LJWGP1BCR8T04,LEI,0TMBS544NMO7GLCE7H90,LEI,IS_ULTIMATELY_CONSOLIDATED_BY,ACTIVE,2018-01-01T00:00:00Z,2018-12-31T00:00:00Z,ACCOUNTING_PERIOD,PUBLISHED,2025-10-20T12:44:17.333Z,ENTITY_SUPPLIED_ONLY,start
5493001A7GT1PUX3EG61,LEI,213800I63RDTY2BX9C91,LEI,IS_DIRECTLY_CONSOLIDATED_BY,ACTIVE,2020-03-01T00:00:00Z,2021-02-28T00:00:00Z,ACCOUNTING_PERIOD,PUBLISHED,2026-02-27T11:45:55.873Z,FULLY_CORROBORATED,start
5493001A7GT1PUX3EG61,LEI,213800LKZU3XUL41DI38,LEI,IS_FUND-MANAGED_BY,ACTIVE,2012-01-16T00:00:00Z,,RELATIONSHIP_PERIOD,PUBLISHED,2026-02-27T11:45:55.873Z,FULLY_CORROBORATED,start
5493001A7GT1PUX3EG61,LEI,213800I63RDTY2BX9C91,LEI,IS_SUBFUND_OF,ACTIVE,2012-01-16T00:00:00Z,,RELATIONSHIP_PERIOD,PUBLISHED,2026-02-27T11:45:55.873Z,FULLY_CORROBORATED,start
5493001A7GT1PUX3EG61,LEI,0TMBS544NMO7GLCE7H90,LEI,IS_ULTIMATELY_CONSOLIDATED_BY,ACTIVE,2018-01-01T00:00:00Z,2018-12-31T00:00:00Z,ACCOUNTING_PERIOD,PUBLISHED,2026-02-27T11:45:55.873Z,ENTITY_SUPPLIED_ONLY,start
5493001HCKHDGBF3Q122,LEI,549300S3P4IT9YL69L18,LEI,IS_FUND-MANAGED_BY,ACTIVE,2013-04-08T00:00:00Z,,RELATIONSHIP_PERIOD,PUBLISHED,2026-04-23T11:47:33.520Z,FULLY_CORROBORATED,start
5493001HCKHDGBF3Q122,LEI,5493006M8YFKOQ8X4O41,LEI,IS_SUBFUND_OF,ACTIVE,2013-04-08T00:00:00Z,,RELATIONSHIP_PERIOD,PUBLISHED,2026-04-23T11:47:33.520Z,FULLY_CORROBORATED,start
5493006DR40DJEX4S552,LEI,213800QCHBK3RAF7HE36,LEI,IS_DIRECTLY_CONSOLIDATED_BY,ACTIVE,2022-06-01T00:00:00Z,2023-07-31T00:00:00Z,ACCOUNTING_PERIOD,PUBLISHED,2025-10-20T10:12:24.103Z,FULLY_CORROBORATED,start
5493006DR40DJEX4S552,LEI,213800LKZU3XUL41DI38,LEI,IS_FUND-MANAGED_BY,ACTIVE,2002-05-15T00:00:00Z,,RELATIONSHIP_PERIOD,PUBLISHED,2025-10-20T10:12:24.103Z,FULLY_CORROBORATED,start
5493006DR40DJEX4S552,LEI,213800QCHBK3RAF7HE36,LEI,IS_SUBFUND_OF,ACTIVE,2002-05-15T00:00:00Z,,RELATIONSHIP_PERIOD,PUBLISHED,2025-10-20T10:12:24.103Z,FULLY_CORROBORATED,start
5493006DR40DJEX4S552,LEI,0TMBS544NMO7GLCE7H90,LEI,IS_ULTIMATELY_CONSOLIDATED_BY,ACTIVE,2023-01-01T00:00:00Z,2023-12-31T00:00:00Z,ACCOUNTING_PERIOD,PUBLISHED,2025-10-20T10:12:24.103Z,FULLY_CORROBORATED,start
5493006IW4M81OZZP275,LEI,549300PW7VPFCYKLIV37,LEI,IS_ULTIMATELY_CONSOLIDATED_BY,ACTIVE,2016-01-01T00:00:00Z,2016-12-31T00:00:00Z,ACCOUNTING_PERIOD,LAPSED,2023-07-31T17:11:36.903Z,FULLY_CORROBORATED,start
549300AZQBPNGR3O0U02,LEI,9695005521WN92VNOD66,LEI,IS_DIRECTLY_CONSOLIDATED_BY,ACTIVE,2022-01-01T00:00:00Z,2022-12-31T00:00:00Z,ACCOUNTING_PERIOD,PUBLISHED,2026-06-03T08:49:19.943Z,ENTITY_SUPPLIED_ONLY,start
549300AZQBPNGR3O0U02,LEI,9695005521WN92VNOD66,LEI,IS_ULTIMATELY_CONSOLIDATED_BY,ACTIVE,2022-01-01T00:00:00Z,2022-12-31T00:00:00Z,ACCOUNTING_PERIOD,PUBLISHED,2026-06-03T08:49:19.943Z,ENTITY_SUPPLIED_ONLY,start
549300B8KUXF7IG4VL41,LEI,549300PW7VPFCYKLIV37,LEI,IS_ULTIMATELY_CONSOLIDATED_BY,ACTIVE,2016-01-01T00:00:00Z,2016-12-31T00:00:00Z,ACCOUNTING_PERIOD,LAPSED,2023-07-31T17:11:36.903Z,PARTIALLY_CORROBORATED,start
549300CS30WLHTNQZ416,LEI,549300Y34YIF23A1CJ30,LEI,IS_DIRECTLY_CONSOLIDATED_BY,ACTIVE,2021-12-31T00:00:00Z,2022-12-30T00:00:00Z,ACCOUNTING_PERIOD,PUBLISHED,2025-11-24T07:56:07.347Z,ENTITY_SUPPLIED_ONLY,start
549300CS30WLHTNQZ416,LEI,549300PW7VPFCYKLIV37,LEI,IS_ULTIMATELY_CONSOLIDATED_BY,ACTIVE,2021-01-02T00:00:00Z,2021-12-31T00:00:00Z,ACCOUNTING_PERIOD,PUBLISHED,2025-11-24T07:56:07.347Z,FULLY_CORROBORATED,start
549300DIVEYKYBRU6Z07,LEI,549300G276IH2GSE0E88,LEI,IS_DIRECTLY_CONSOLIDATED_BY,ACTIVE,2022-01-01T00:00:00Z,2022-12-31T00:00:00Z,ACCOUNTING_PERIOD,PUBLISHED,2025-11-13T09:22:54.103Z,ENTITY_SUPPLIED_ONLY,start
549300DIVEYKYBRU6Z07,LEI,213800Q1Q9DV4L78UM09,LEI,IS_ULTIMATELY_CONSOLIDATED_BY,ACTIVE,2024-01-01T00:00:00Z,2024-12-31T00:00:00Z,ACCOUNTING_PERIOD,PUBLISHED,2025-11-13T09:22:54.103Z,FULLY_CORROBORATED,start
549300DWT5EWG153BN10,LEI,549300PW7VPFCYKLIV37,LEI,IS_ULTIMATELY_CONSOLIDATED_BY,ACTIVE,2017-01-01T00:00:00.000Z,2017-12-31T00:00:00.000Z,ACCOUNTING_PERIOD,LAPSED,2023-07-31T17:34:15.017Z,ENTITY_SUPPLIED_ONLY,start
549300FWMVYBFQAQOK62,LEI,549300PW7VPFCYKLIV37,LEI,IS_DIRECTLY_CONSOLIDATED_BY,ACTIVE,2023-01-01T00:00:00Z,2023-12-31T00:00:00Z,ACCOUNTING_PERIOD,PUBLISHED,2026-09-16T13:00:07.983Z,FULLY_CORROBORATED,start
549300FWMVYBFQAQOK62,LEI,549300PW7VPFCYKLIV37,LEI,IS_ULTIMATELY_CONSOLIDATED_BY,ACTIVE,2023-01-01T00:00:00Z,2023-12-31T00:00:00Z,ACCOUNTING_PERIOD,PUBLISHED,2026-09-16T13:00:07.983Z,FULLY_CORROBORATED,start
549300HC4EJF5FG6X484,LEI,549300SRD0SIG5ZZ3X20,LEI,IS_DIRECTLY_CONSOLIDATED_BY,ACTIVE,2021-01-01T00:00:00.000Z,2021-12-31T00:00:00.000Z,ACCOUNTING_PERIOD,LAPSED,2026-09-17T13:30:00.018Z,ENTITY_SUPPLIED_ONLY,start
549300HC4EJF5FG6X484,LEI,549300SRD0SIG5ZZ3X20,LEI,IS_ULTIMATELY_CONSOLIDATED_BY,ACTIVE,2021-01-01T00:00:00.000Z,2021-12-31T00:00:00.000Z,ACCOUNTING_PERIOD,LAPSED,2026-09-17T13:30:00.018Z,ENTITY_SUPPLIED_ONLY,start
549300I8RCKMET404713,LEI,213800I63RDTY2BX9C91,LEI,IS_DIRECTLY_CONSOLIDATED_BY,ACTIVE,2020-03-01T00:00:00Z,2021-02-28T00:00:00Z,ACCOUNTING_PERIOD,LAPSED,2026-04-06T00:05:13.193Z,FULLY_CORROBORATED,start
549300I8RCKMET404713,LEI,213800LKZU3XUL41DI38,LEI,IS_FUND-MANAGED_BY,ACTIVE,2000-08-31T00:00:00Z,,RELATIONSHIP_PERIOD,LAPSED,2026-04-06T00:05:13.193Z,FULLY_CORROBORATED,start
549300I8RCKMET404713,LEI,213800I63RDTY2BX9C91,LEI,IS_SUBFUND_OF,ACTIVE,2000-08-31T00:00:00Z,,RELATIONSHIP_PERIOD,LAPSED,2026-04-06T00:05:13.193Z,FULLY_CORROBORATED,start
549300I8RCKMET404713,LEI,0TMBS544NMO7GLCE7H90,LEI,IS_ULTIMATELY_CONSOLIDATED_BY,ACTIVE,2018-01-01T00:00:00Z,2018-12-31T00:00:00Z,ACCOUNTING_PERIOD,LAPSED,2026-04-06T00:05:13.193Z,ENTITY_SUPPLIED_ONLY,start
549300IRZDI4P0AQEM80,LEI,549300O173YXONR6H073,LEI,IS_DIRECTLY_CONSOLIDATED_BY,ACTIVE,2018-02-16T19:04:04.841Z,,RELATIONSHIP_PERIOD,LAPSED,2025-05-15T19:35:31.747Z,ENTITY_SUPPLIED_ONLY,end
549300L5HUFSG8BP6K27,LEI,549300PW7VPFCYKLIV37,LEI,IS_DIRECTLY_CONSOLIDATED_BY,ACTIVE,2024-01-01T00:00:00Z,2024-12-31T00:00:00Z,ACCOUNTING_PERIOD,PUBLISHED,2025-12-19T17:43:37.973Z,FULLY_CORROBORATED,start
549300L5HUFSG8BP6K27,LEI,549300PW7VPFCYKLIV37,LEI,IS_ULTIMATELY_CONSOLIDATED_BY,ACTIVE,2024-01-01T00:00:00Z,2024-12-31T00:00:00Z,ACCOUNTING_PERIOD,PUBLISHED,2025-12-19T17:43:37.973Z,FULLY_CORROBORATED,start
549300MIDHF1WCZJG514,LEI,5493000GV3I1S3MMF497,LEI,IS_FUND-MANAGED_BY,ACTIVE,2023-10-10T17:30:00.000Z,,RELATIONSHIP_PERIOD,PUBLISHED,2025-10-08T17:14:44.473Z,FULLY_CORROBORATED,start
549300NR5XU4V9M57E06,LEI,213800LKZU3XUL41DI38,LEI,IS_FUND-MANAGED_BY,ACTIVE,2005-09-12T00:00:00Z,,RELATIONSHIP_PERIOD,PUBLISHED,2026-02-27T11:45:55.873Z,FULLY_CORROBORATED,start
549300NVR2MVEPYI3K95,LEI,549300PW7VPFCYKLIV37,LEI,IS_ULTIMATELY_CONSOLIDATED_BY,ACTIVE,2017-01-01T00:00:00Z,2017-12-31T00:00:00Z,ACCOUNTING_PERIOD,LAPSED,2023-07-31T17:11:36.903Z,FULLY_CORROBORATED,start
549300OWIP4V3XMOUI48,LEI,213800I63RDTY2BX9C91,LEI,IS_DIRECTLY_CONSOLIDATED_BY,ACTIVE,2020-03-01T00:00:00Z,2021-02-28T00:00:00Z,ACCOUNTING_PERIOD,PUBLISHED,2026-02-27T11:45:55.873Z,FULLY_CORROBORATED,start
549300OWIP4V3XMOUI48,LEI,213800LKZU3XUL41DI38,LEI,IS_FUND-MANAGED_BY,ACTIVE,1998-04-23T00:00:00Z,,RELATIONSHIP_PERIOD,PUBLISHED,2026-02-27T11:45:55.873Z,FULLY_CORROBORATED,start
549300OWIP4V3XMOUI48,LEI,213800I63RDTY2BX9C91,LEI,IS_SUBFUND_OF,ACTIVE,1998-04-23T00:00:00Z,,RELATIONSHIP_PERIOD,PUBLISHED,2026-02-27T11:45:55.873Z,FULLY_CORROBORATED,start
549300OWIP4V3XMOUI48,LEI,0TMBS544NMO7GLCE7H90,LEI,IS_ULTIMATELY_CONSOLIDATED_BY,ACTIVE,2018-01-01T00:00:00Z,2018-12-31T00:00:00Z,ACCOUNTING_PERIOD,PUBLISHED,2026-02-27T11:45:55.873Z,ENTITY_SUPPLIED_ONLY,start
549300R08EHVC5JJP961,LEI,213800I63RDTY2BX9C91,LEI,IS_DIRECTLY_CONSOLIDATED_BY,ACTIVE,2020-03-01T00:00:00Z,2021-03-01T00:00:00Z,ACCOUNTING_PERIOD,PUBLISHED,2026-02-27T11:45:55.873Z,FULLY_CORROBORATED,start
549300R08EHVC5JJP961,LEI,213800LKZU3XUL41DI38,LEI,IS_FUND-MANAGED_BY,ACTIVE,2012-01-19T00:00:00Z,,RELATIONSHIP_PERIOD,PUBLISHED,2026-02-27T11:45:55.873Z,FULLY_CORROBORATED,start
549300R08EHVC5JJP961,LEI,213800I63RDTY2BX9C91,LEI,IS_SUBFUND_OF,ACTIVE,2012-01-19T00:00:00Z,,RELATIONSHIP_PERIOD,PUBLISHED,2026-02-27T11:45:55.873Z,FULLY_CORROBORATED,start
549300R08EHVC5JJP961,LEI,0TMBS544NMO7GLCE7H90,LEI,IS_ULTIMATELY_CONSOLIDATED_BY,ACTIVE,2020-01-01T00:00:00Z,2020-12-31T00:00:00Z,ACCOUNTING_PERIOD,PUBLISHED,2026-02-27T11:45:55.873Z,ENTITY_SUPPLIED_ONLY,start
549300R4FNKEIE8UY208,LEI,549300B206THJHUTBP43,LEI,IS_DIRECTLY_CONSOLIDATED_BY,ACTIVE,2017-01-01T00:00:00.000Z,2017-12-31T00:00:00.000Z,ACCOUNTING_PERIOD,LAPSED,2023-07-31T17:34:15.017Z,ENTITY_SUPPLIED_ONLY,start
549300R4FNKEIE8UY208,LEI,549300M3VH1A3ER1TB49,LEI,IS_ULTIMATELY_CONSOLIDATED_BY,ACTIVE,2018-01-01T00:00:00.000Z,2018-12-31T00:00:00.000Z,ACCOUNTING_PERIOD,LAPSED,2022-11-02T21:34:00.000Z,FULLY_CORROBORATED,start
549300R5C38TDOXW9F88,LEI,549300PW7VPFCYKLIV37,LEI,IS_DIRECTLY_CONSOLIDATED_BY,ACTIVE,2024-01-01T00:00:00Z,2024-12-28T00:00:00Z,ACCOUNTING_PERIOD,PUBLISHED,2026-01-14T14:22:55.920Z,ENTITY_SUPPLIED_ONLY,start
549300R5C38TDOXW9F88,LEI,549300PW7VPFCYKLIV37,LEI,IS_ULTIMATELY_CONSOLIDATED_BY,ACTIVE,2024-01-01T00:00:00Z,2024-12-28T00:00:00Z,ACCOUNTING_PERIOD,PUBLISHED,2026-01-14T14:22:55.920Z,ENTITY_SUPPLIED_ONLY,start
549300RBP6TFMGQ11N57,LEI,549300PW7VPFCYKLIV37,LEI,IS_DIRECTLY_CONSOLIDATED_BY,ACTIVE,2021-01-02T00:00:00Z,2022-01-01T00:00:00Z,ACCOUNTING_PERIOD,PUBLISHED,2026-01-16T14:44:48.757Z,FULLY_CORROBORATED,end
549300RBP6TFMGQ11N57,LEI,549300PW7VPFCYKLIV37,LEI,IS_ULTIMATELY_CONSOLIDATED_BY,ACTIVE,2021-01-02T00:00:00Z,2022-01-01T00:00:00Z,ACCOUNTING_PERIOD,PUBLISHED,2026-01-16T14:44:48.757Z,FULLY_CORROBORATED,end
549300RTZRNPHNBUXO95,LEI,549300PW7VPFCYKLIV37,LEI,IS_DIRECTLY_CONSOLIDATED_BY,ACTIVE,2021-01-01T00:00:00Z,2021-12-31T00:00:00Z,ACCOUNTING_PERIOD,PUBLISHED,2025-09-18T12:36:54.307Z,ENTITY_SUPPLIED_ONLY,end
549300RTZRNPHNBUXO95,LEI,549300PW7VPFCYKLIV37,LEI,IS_ULTIMATELY_CONSOLIDATED_BY,ACTIVE,2021-01-01T00:00:00Z,2021-12-31T00:00:00Z,ACCOUNTING_PERIOD,PUBLISHED,2025-09-18T12:36:54.307Z,ENTITY_SUPPLIED_ONLY,end
549300TUHGAQZ3YYDW26,LEI,549300SB3IBI34M00Z45,LEI,IS_DIRECTLY_CONSOLIDATED_BY,ACTIVE,2024-12-30T00:00:00+01:00,2025-09-28T00:00:00+02:00,ACCOUNTING_PERIOD,PUBLISHED,2025-12-17T23:13:19+01:00,FULLY_CORROBORATED,start
549300TUHGAQZ3YYDW26,LEI,549300SB3IBI34M00Z45,LEI,IS_ULTIMATELY_CONSOLIDATED_BY,ACTIVE,2024-12-30T00:00:00+01:00,2025-09-28T00:00:00+02:00,ACCOUNTING_PERIOD,PUBLISHED,2025-12-17T23:13:19+01:00,FULLY_CORROBORATED,start
549300UGHUBWRYGS1007,LEI,549300O173YXONR6H073,LEI,IS_DIRECTLY_CONSOLIDATED_BY,ACTIVE,2018-01-01T00:00:00.000Z,2018-12-31T00:00:00.000Z,ACCOUNTING_PERIOD,LAPSED,2023-07-31T17:34:15.017Z,ENTITY_SUPPLIED_ONLY,end
549300UGHUBWRYGS1007,LEI,549300O173YXONR6H073,LEI,IS_ULTIMATELY_CONSOLIDATED_BY,ACTIVE,2018-01-01T00:00:00.000Z,2018-12-31T00:00:00.000Z,ACCOUNTING_PERIOD,LAPSED,2023-07-31T17:34:15.017Z,ENTITY_SUPPLIED_ONLY,end
549300VZ7EM1JU4SO103,LEI,213800QCHBK3RAF7HE36,LEI,IS_DIRECTLY_CONSOLIDATED_BY,ACTIVE,2019-01-01T00:00:00Z,2019-12-31T00:00:00Z,ACCOUNTING_PERIOD,PUBLISHED,2025-10-20T14:12:51.680Z,FULLY_CORROBORATED,start
549300VZ7EM1JU4SO103,LEI,213800LKZU3XUL41DI38,LEI,IS_FUND-MANAGED_BY,ACTIVE,2015-05-06T00:00:00Z,,RELATIONSHIP_PERIOD,PUBLISHED,2025-10-20T14:12:51.680Z,FULLY_CORROBORATED,start
549300VZ7EM1JU4SO103,LEI,213800QCHBK3RAF7HE36,LEI,IS_SUBFUND_OF,ACTIVE,2015-05-06T00:00:00Z,,RELATIONSHIP_PERIOD,PUBLISHED,2025-10-20T14:12:51.680Z,FULLY_CORROBORATED,start
549300VZ7EM1JU4SO103,LEI,0TMBS544NMO7GLCE7H90,LEI,IS_ULTIMATELY_CONSOLIDATED_BY,ACTIVE,2019-01-01T00:00:00Z,2019-12-31T00:00:00Z,ACCOUNTING_PERIOD,PUBLISHED,2025-10-20T14:12:51.680Z,FULLY_CORROBORATED,start
549300W6UCQQG5IIUM21,LEI,549300PW7VPFCYKLIV37,LEI,IS_ULTIMATELY_CONSOLIDATED_BY,ACTIVE,2016-01-01T00:00:00Z,2016-12-31T00:00:00Z,ACCOUNTING_PERIOD,LAPSED,2023-07-31T17:11:36.903Z,FULLY_CORROBORATED,start
549300XFF8571WGRDW37,LEI,549300PW7VPFCYKLIV37,LEI,IS_ULTIMATELY_CONSOLIDATED_BY,ACTIVE,2021-01-02T00:00:00Z,2022-01-01T00:00:00Z,ACCOUNTING_PERIOD,PUBLISHED,2026-09-23T13:07:40.220Z,FULLY_CORROBORATED,start
549300Y34YIF23A1CJ30,LEI,549300PW7VPFCYKLIV37,LEI,IS_DIRECTLY_CONSOLIDATED_BY,ACTIVE,2024-01-01T00:00:00Z,2024-12-31T00:00:00Z,ACCOUNTING_PERIOD,PUBLISHED,2025-12-19T16:59:14.120Z,ENTITY_SUPPLIED_ONLY,start
549300Y34YIF23A1CJ30,LEI,549300PW7VPFCYKLIV37,LEI,IS_ULTIMATELY_CONSOLIDATED_BY,ACTIVE,2024-01-01T00:00:00Z,2024-12-31T00:00:00Z,ACCOUNTING_PERIOD,PUBLISHED,2025-12-19T16:59:14.120Z,ENTITY_SUPPLIED_ONLY,start
549300YDGYNJ5OSNWF92,LEI,549300PW7VPFCYKLIV37,LEI,IS_DIRECTLY_CONSOLIDATED_BY,ACTIVE,2024-01-01T00:00:00Z,2024-12-31T00:00:00Z,ACCOUNTING_PERIOD,PUBLISHED,2026-09-16T13:00:07.983Z,ENTITY_SUPPLIED_ONLY,start
549300YDGYNJ5OSNWF92,LEI,549300PW7VPFCYKLIV37,LEI,IS_ULTIMATELY_CONSOLIDATED_BY,ACTIVE,2024-01-01T00:00:00Z,2024-12-31T00:00:00Z,ACCOUNTING_PERIOD,PUBLISHED,2026-09-16T13:00:07.983Z,ENTITY_SUPPLIED_ONLY,start
549300YO5HBCDOKRQB07,LEI,549300PW7VPFCYKLIV37,LEI,IS_DIRECTLY_CONSOLIDATED_BY,ACTIVE,2024-01-01T00:00:00Z,2024-12-31T00:00:00Z,ACCOUNTING_PERIOD,PUBLISHED,2025-12-19T16:24:41.033Z,ENTITY_SUPPLIED_ONLY,end
549300YO5HBCDOKRQB07,LEI,549300PW7VPFCYKLIV37,LEI,IS_ULTIMATELY_CONSOLIDATED_BY,ACTIVE,2024-01-01T00:00:00Z,2024-12-31T00:00:00Z,ACCOUNTING_PERIOD,PUBLISHED,2025-12-19T16:24:41.033Z,ENTITY_SUPPLIED_ONLY,end
549300ZJSFSEALGJ0R05,LEI,213800LKZU3XUL41DI38,LEI,IS_FUND-MANAGED_BY,ACTIVE,2007-11-29T00:00:00Z,,RELATIONSHIP_PERIOD,LAPSED,2026-04-06T00:05:13.193Z,FULLY_CORROBORATED,start
549300ZJXK0VC755FW69,LEI,549300B8KUXF7IG4VL41,LEI,IS_DIRECTLY_CONSOLIDATED_BY,ACTIVE,2016-01-01T00:00:00Z,2016-12-31T00:00:00Z,ACCOUNTING_PERIOD,LAPSED,2023-07-31T17:11:36.903Z,ENTITY_SUPPLIED_ONLY,start
549300ZJXK0VC755FW69,LEI,549300PW7VPFCYKLIV37,LEI,IS_ULTIMATELY_CONSOLIDATED_BY,ACTIVE,2016-01-01T00:00:00Z,2016-12-31T00:00:00Z,ACCOUNTING_PERIOD,LAPSED,2023-07-31T17:11:36.903Z,ENTITY_SUPPLIED_ONLY,start
635400HRBEW4HLILHT23,LEI,549300PW7VPFCYKLIV37,LEI,IS_ULTIMATELY_CONSOLIDATED_BY,ACTIVE,2021-01-01T00:00:00Z,,RELATIONSHIP_PERIOD,LAPSED,2024-01-30T09:30:03Z,FULLY_CORROBORATED,start
655600Z7002035000021,LEI,300300C1030935001303,LEI,IS_DIRECTLY_CONSOLIDATED_BY,ACTIVE,2019-12-13T00:00:00.000+08:00,,RELATIONSHIP_PERIOD,LAPSED,2026-05-24T00:10:09.000+08:00,FULLY_CORROBORATED,end
655600Z7002035000021,LEI,300300C1030935001303,LEI,IS_ULTIMATELY_CONSOLIDATED_BY,ACTIVE,2019-12-13T00:00:00.000+08:00,,RELATIONSHIP_PERIOD,LAPSED,2026-05-24T00:10:09.000+08:00,FULLY_CORROBORATED,end
724500I409NOE56QVP09,LEI,549300PW7VPFCYKLIV37,LEI,IS_ULTIMATELY_CONSOLIDATED_BY,ACTIVE,2024-01-01T00:00:00.000+01:00,2024-12-28T00:00:00.000+01:00,ACCOUNTING_PERIOD,PUBLISHED,2026-01-30T07:11:45.385+01:00,ENTITY_SUPPLIED_ONLY,end
81560042397186D5B415,LEI,35380099TCYR5FHT0A11,LEI,IS_DIRECTLY_CONSOLIDATED_BY,ACTIVE,2020-09-11T15:49:06.000+02:00,,RELATIONSHIP_PERIOD,PUBLISHED,2026-09-08T10:02:48.000+02:00,ENTITY_SUPPLIED_ONLY,end
81560042397186D5B415,LEI,35380099TCYR5FHT0A11,LEI,IS_ULTIMATELY_CONSOLIDATED_BY,ACTIVE,2020-09-11T15:49:06.000+02:00,,RELATIONSHIP_PERIOD,PUBLISHED,2026-09-08T10:02:48.000+02:00,ENTITY_SUPPLIED_ONLY,end
8156005B22B0857C7357,LEI,81560019B02136053B77,LEI,IS_DIRECTLY_CONSOLIDATED_BY,ACTIVE,2021-09-21T17:38:14.000+02:00,,RELATIONSHIP_PERIOD,PUBLISHED,2026-09-19T10:05:22.000+02:00,FULLY_CORROBORATED,start
8156005B22B0857C7357,LEI,81560019B02136053B77,LEI,IS_ULTIMATELY_CONSOLIDATED_BY,ACTIVE,2021-09-21T17:38:14.000+02:00,,RELATIONSHIP_PERIOD,PUBLISHED,2026-09-19T10:05:22.000+02:00,FULLY_CORROBORATED,start
8156009285F0825F7E60,LEI,529900GXMEN5RRPH8C73,LEI,IS_DIRECTLY_CONSOLIDATED_BY,ACTIVE,2020-09-11T14:54:45.000+02:00,,RELATIONSHIP_PERIOD,PUBLISHED,2026-08-19T09:07:32.000+02:00,PARTIALLY_CORROBORATED,start
8156009285F0825F7E60,LEI,35380099TCYR5FHT0A11,LEI,IS_ULTIMATELY_CONSOLIDATED_BY,ACTIVE,2021-10-01T12:06:16.000+02:00,,RELATIONSHIP_PERIOD,PUBLISHED,2026-08-19T09:07:32.000+02:00,PARTIALLY_CORROBORATED,start
836800Z6MGDY64MJV565,LEI,300300Z15V7GJ7BRB847,LEI,IS_DIRECTLY_CONSOLIDATED_BY,ACTIVE,2022-09-08T00:00:00.000+08:00,,RELATIONSHIP_PERIOD,PUBLISHED,2026-03-19T11:18:12.000+08:00,FULLY_CORROBORATED,start
836800Z6MGDY64MJV565,LEI,300300Z15V7GJ7BRB847,LEI,IS_ULTIMATELY_CONSOLIDATED_BY,ACTIVE,2022-09-08T00:00:00.000+08:00,,RELATIONSHIP_PERIOD,PUBLISHED,2026-03-19T11:18:12.000+08:00,FULLY_CORROBORATED,start
894500AGX8JMRPBLA068,LEI,894500072KEJKR5I0J72,LEI,IS_DIRECTLY_CONSOLIDATED_BY,ACTIVE,2025-11-12T00:00:00+01:00,2025-12-31T00:00:00+01:00,ACCOUNTING_PERIOD,PUBLISHED,2026-08-13T15:57:44+02:00,FULLY_CORROBORATED,start
894500TWQB7Z642Y5W20,LEI,969500MW8GRWFNWFOM84,LEI,IS_DIRECTLY_CONSOLIDATED_BY,ACTIVE,2024-01-01T00:00:00+01:00,2024-12-31T00:00:00+01:00,ACCOUNTING_PERIOD,PUBLISHED,2025-11-17T11:33:22+01:00,FULLY_CORROBORATED,end
959800AHMM2UTNT2RH54,LEI,959800XU479BHNUMVX42,LEI,IS_FUND-MANAGED_BY,ACTIVE,2015-02-12T12:00:00+01:00,,RELATIONSHIP_PERIOD,PUBLISHED,2026-08-16T09:34:58.194+02:00,ENTITY_SUPPLIED_ONLY,start
967600T307O4MC0RWJ40,LEI,549300PW7VPFCYKLIV37,LEI,IS_DIRECTLY_CONSOLIDATED_BY,ACTIVE,2022-12-31T00:00:00Z,,RELATIONSHIP_PERIOD,PUBLISHED,2025-12-02T10:15:24Z,FULLY_CORROBORATED,end
967600T307O4MC0RWJ40,LEI,549300PW7VPFCYKLIV37,LEI,IS_ULTIMATELY_CONSOLIDATED_BY,ACTIVE,2022-12-31T00:00:00Z,,RELATIONSHIP_PERIOD,PUBLISHED,2025-12-02T10:15:24Z,FULLY_CORROBORATED,end
9695000AHM7GQ92ZBO70,LEI,9695004M014SC6YPY328,LEI,IS_DIRECTLY_CONSOLIDATED_BY,ACTIVE,2013-12-31T00:00:00.000+01:00,,RELATIONSHIP_PERIOD,PUBLISHED,2025-11-21T12:01:16.338+01:00,FULLY_CORROBORATED,start
9695000AHM7GQ92ZBO70,LEI,9695004M014SC6YPY328,LEI,IS_ULTIMATELY_CONSOLIDATED_BY,ACTIVE,2013-12-31T00:00:00.000+01:00,,RELATIONSHIP_PERIOD,PUBLISHED,2025-11-21T12:01:16.338+01:00,ENTITY_SUPPLIED_ONLY,start
969500576DN1IX3OPK73,LEI,9695002PP1EL6OQGBI30,LEI,IS_DIRECTLY_CONSOLIDATED_BY,ACTIVE,2016-07-01T00:00:00.000+02:00,,RELATIONSHIP_PERIOD,PUBLISHED,2025-10-31T23:01:34.425+01:00,FULLY_CORROBORATED,start
969500576DN1IX3OPK73,LEI,9695002PP1EL6OQGBI30,LEI,IS_ULTIMATELY_CONSOLIDATED_BY,ACTIVE,2016-07-01T00:00:00.000+02:00,,RELATIONSHIP_PERIOD,PUBLISHED,2025-10-31T23:01:34.736+01:00,FULLY_CORROBORATED,start
969500CRC2SQUREKB432,LEI,969500MVCFYVH7B1UP93,LEI,IS_DIRECTLY_CONSOLIDATED_BY,ACTIVE,2014-08-05T00:00:00.000+02:00,,RELATIONSHIP_PERIOD,LAPSED,2022-12-29T23:07:15.424+01:00,ENTITY_SUPPLIED_ONLY,start
969500CRC2SQUREKB432,LEI,969500MVCFYVH7B1UP93,LEI,IS_ULTIMATELY_CONSOLIDATED_BY,ACTIVE,2014-08-05T00:00:00.000+02:00,,RELATIONSHIP_PERIOD,LAPSED,2022-12-29T23:07:15.424+01:00,ENTITY_SUPPLIED_ONLY,start
969500DN3ZTGGU3M7Q23,LEI,35380099TCYR5FHT0A11,LEI,IS_DIRECTLY_CONSOLIDATED_BY,ACTIVE,2008-02-08T00:00:00.000+01:00,,RELATIONSHIP_PERIOD,PUBLISHED,2026-03-02T22:51:06.666+01:00,ENTITY_SUPPLIED_ONLY,end
969500DN3ZTGGU3M7Q23,LEI,35380099TCYR5FHT0A11,LEI,IS_ULTIMATELY_CONSOLIDATED_BY,ACTIVE,2008-02-08T00:00:00.000+01:00,,RELATIONSHIP_PERIOD,PUBLISHED,2026-03-02T22:51:06.666+01:00,ENTITY_SUPPLIED_ONLY,end
969500HVUQPLZLVM7Y02,LEI,969500TJ5KRTCJQWXH05,LEI,IS_DIRECTLY_CONSOLIDATED_BY,ACTIVE,2016-01-01T00:00:00.000+01:00,,RELATIONSHIP_PERIOD,PUBLISHED,2026-07-06T23:13:12.971+02:00,ENTITY_SUPPLIED_ONLY,start
969500HVUQPLZLVM7Y02,LEI,969500TJ5KRTCJQWXH05,LEI,IS_ULTIMATELY_CONSOLIDATED_BY,ACTIVE,2016-01-01T00:00:00.000+01:00,,RELATIONSHIP_PERIOD,PUBLISHED,2026-07-06T23:13:12.971+02:00,ENTITY_SUPPLIED_ONLY,start
969500PXD9VSD8S9S196,LEI,969500KLODYGIWUZ9F42,LEI,IS_FUND-MANAGED_BY,ACTIVE,2016-11-10T00:00:00.000+01:00,,RELATIONSHIP_PERIOD,PUBLISHED,2026-04-03T23:03:38.564+02:00,FULLY_CORROBORATED,start
B7UG16CMW06I0707L765,LEI,81560026FA1A26642782,LEI,IS_DIRECTLY_CONSOLIDATED_BY,ACTIVE,2016-01-01T00:00:00.000Z,2016-12-31T00:00:00.000Z,ACCOUNTING_PERIOD,LAPSED,2026-04-23T19:09:54.901Z,ENTITY_SUPPLIED_ONLY,start
B7UG16CMW06I0707L765,LEI,81560026FA1A26642782,LEI,IS_ULTIMATELY_CONSOLIDATED_BY,ACTIVE,2016-01-01T00:00:00.000Z,2016-12-31T00:00:00.000Z,ACCOUNTING_PERIOD,LAPSED,2026-04-23T19:09:54.901Z,ENTITY_SUPPLIED_ONLY,start
